id,station_id,time,weather,temperature,pressure,humidity,wind_speed,wind_direction
2972425,shunyi_meo,2018-04-27 00:00:00,Sunny/clear,19.4,1017.4,52.0,0.5,112.0
2972426,hadian_meo,2018-04-27 00:00:00,Sunny/clear,18.9,1015.1,49.0,1.1,191.0
2972427,yanqing_meo,2018-04-27 00:00:00,Sunny/clear,14.0,964.4,35.0,0.3,89.0
2972428,miyun_meo,2018-04-27 00:00:00,Sunny/clear,16.8,1012.5,49.0,0.6,67.0
2972429,huairou_meo,2018-04-27 00:00:00,Sunny/clear,17.9,1011.9,35.0,2.1,107.0
2972430,shangdianzi_meo,2018-04-27 00:00:00,Sunny/clear,15.2,986.4,26.0,2.7,56.0
2972431,pinggu_meo,2018-04-27 00:00:00,Sunny/clear,17.1,1017.1,57.0,0.7,209.0
2972432,tongzhou_meo,2018-04-27 00:00:00,Hail,19.2,1018.4,52.0,1.2,165.0
2972433,chaoyang_meo,2018-04-27 00:00:00,Sunny/clear,19.7,1016.7,43.0,3.1,208.0
2972434,pingchang_meo,2018-04-27 00:00:00,Sunny/clear,17.9,1011.7,46.0,1.1,344.0
2972435,zhaitang_meo,2018-04-27 00:00:00,Sunny/clear,13.0,969.6,42.0,0.8,64.0
2972436,mentougou_meo,2018-04-27 00:00:00,Sunny/clear,18.8,1010.8,43.0,1.6,231.0
2972437,beijing_meo,2018-04-27 00:00:00,Sunny/clear,19.3,1017.2,41.0,2.8,216.0
2972438,shijingshan_meo,2018-04-27 00:00:00,Sunny/clear,19.5,1013.2,40.0,1.4,215.0
2972439,fengtai_meo,2018-04-27 00:00:00,Sunny/clear,20.0,1014.3,45.0,1.1,195.0
2972440,daxing_meo,2018-04-27 00:00:00,Sunny/clear,19.3,1016.4,43.0,2.1,163.0
2972441,fangshan_meo,2018-04-27 00:00:00,Sunny/clear,19.1,1015.1,43.0,1.0,192.0
2972442,xiayunling_meo,2018-04-27 00:00:00,Sunny/clear,15.2,973.4,54.0,1.0,125.0
2973958,shunyi_meo,2018-04-27 01:00:00,Sunny/clear,20.7,1017.4,46.0,1.5,250.0
2973959,hadian_meo,2018-04-27 01:00:00,Sunny/clear,21.4,1015.1,33.0,2.9,221.0
2973960,yanqing_meo,2018-04-27 01:00:00,Sunny/clear,16.7,964.2,26.0,0.8,8.0
2973961,miyun_meo,2018-04-27 01:00:00,Sunny/clear,19.8,1012.3,39.0,0.8,170.0
2973962,huairou_meo,2018-04-27 01:00:00,Sunny/clear,20.0,1011.7,31.0,1.6,163.0
2973963,shangdianzi_meo,2018-04-27 01:00:00,Sunny/clear,18.7,986.3,24.0,1.6,132.0
2973964,pinggu_meo,2018-04-27 01:00:00,Sunny/clear,19.5,1017.1,44.0,1.3,246.0
2973965,tongzhou_meo,2018-04-27 01:00:00,Sunny/clear,20.6,1018.5,43.0,2.3,199.0
2973966,chaoyang_meo,2018-04-27 01:00:00,Sunny/clear,21.0,1016.8,33.0,2.7,202.0
2973967,pingchang_meo,2018-04-27 01:00:00,Sunny/clear,21.5,1011.6,31.0,2.3,108.0
2973968,zhaitang_meo,2018-04-27 01:00:00,Sunny/clear,18.4,969.1,34.0,1.4,193.0
2973969,mentougou_meo,2018-04-27 01:00:00,Sunny/clear,21.0,1010.8,35.0,3.7,195.0
2973970,beijing_meo,2018-04-27 01:00:00,Sunny/clear,20.9,1017.1,34.0,3.2,236.0
2973971,shijingshan_meo,2018-04-27 01:00:00,Sunny/clear,21.8,1013.1,30.0,2.5,177.0
2973972,fengtai_meo,2018-04-27 01:00:00,Sunny/clear,22.0,1014.3,33.0,2.8,242.0
2973973,daxing_meo,2018-04-27 01:00:00,Sunny/clear,21.1,1016.4,33.0,3.3,202.0
2973974,fangshan_meo,2018-04-27 01:00:00,Sunny/clear,20.9,1015.2,36.0,2.3,215.0
2973975,xiayunling_meo,2018-04-27 01:00:00,Sunny/clear,20.0,973.2,33.0,2.7,183.0
2975491,shunyi_meo,2018-04-27 02:00:00,Sunny/clear,22.8,1017.0,31.0,2.9,202.0
2975492,hadian_meo,2018-04-27 02:00:00,Sunny/clear,23.2,1014.8,33.0,1.7,206.0
2975493,yanqing_meo,2018-04-27 02:00:00,Sunny/clear,18.5,963.8,22.0,2.0,305.0
2975494,miyun_meo,2018-04-27 02:00:00,Sunny/clear,21.7,1012.0,38.0,1.3,262.0
2975495,huairou_meo,2018-04-27 02:00:00,Sunny/clear,22.0,1011.4,35.0,1.3,232.0
2975496,shangdianzi_meo,2018-04-27 02:00:00,Sunny/clear,20.2,985.9,33.0,3.7,226.0
2975497,pinggu_meo,2018-04-27 02:00:00,Sunny/clear,20.9,1016.9,44.0,2.7,227.0
2975498,tongzhou_meo,2018-04-27 02:00:00,Sunny/clear,22.0,1018.5,33.0,3.3,200.0
2975499,chaoyang_meo,2018-04-27 02:00:00,Sunny/clear,22.6,1016.5,29.0,3.8,210.0
2975500,pingchang_meo,2018-04-27 02:00:00,Sunny/clear,22.9,1011.3,29.0,2.8,147.0
2975501,zhaitang_meo,2018-04-27 02:00:00,Sunny/clear,21.4,968.7,26.0,5.5,212.0
2975502,mentougou_meo,2018-04-27 02:00:00,Sunny/clear,22.3,1010.5,35.0,4.1,211.0
2975503,beijing_meo,2018-04-27 02:00:00,Sunny/clear,22.5,1016.9,26.0,3.7,241.0
2975504,shijingshan_meo,2018-04-27 02:00:00,Sunny/clear,22.4,1012.9,33.0,3.1,197.0
2975505,fengtai_meo,2018-04-27 02:00:00,Sunny/clear,22.7,1014.1,36.0,3.0,220.0
2975506,daxing_meo,2018-04-27 02:00:00,Sunny/clear,22.5,1016.3,35.0,4.0,225.0
2975507,fangshan_meo,2018-04-27 02:00:00,Sunny/clear,22.0,1015.0,27.0,5.1,229.0
2975508,xiayunling_meo,2018-04-27 02:00:00,Sunny/clear,21.2,973.0,27.0,2.9,211.0
2977024,shunyi_meo,2018-04-27 03:00:00,Sunny/clear,23.9,1016.5,25.0,3.7,238.0
2977025,hadian_meo,2018-04-27 03:00:00,Sunny/clear,23.7,1014.3,27.0,3.4,197.0
2977026,yanqing_meo,2018-04-27 03:00:00,Sunny/clear,20.7,963.1,22.0,1.5,324.0
2977027,miyun_meo,2018-04-27 03:00:00,Sunny/clear,23.2,1011.4,32.0,3.3,203.0
2977028,huairou_meo,2018-04-27 03:00:00,Sunny/clear,23.8,1010.8,31.0,4.0,195.0
2977029,shangdianzi_meo,2018-04-27 03:00:00,Sunny/clear,21.7,985.4,35.0,4.4,237.0
2977030,pinggu_meo,2018-04-27 03:00:00,Sunny/clear,22.7,1016.4,41.0,2.0,268.0
2977031,tongzhou_meo,2018-04-27 03:00:00,Sunny/clear,23.3,1018.0,25.0,4.7,185.0
2977032,chaoyang_meo,2018-04-27 03:00:00,Sunny/clear,23.4,1016.0,29.0,3.5,195.0
2977033,pingchang_meo,2018-04-27 03:00:00,Sunny/clear,24.5,1010.7,22.0,2.6,148.0
2977034,zhaitang_meo,2018-04-27 03:00:00,Sunny/clear,22.5,968.0,21.0,2.7,257.0
2977035,mentougou_meo,2018-04-27 03:00:00,Sunny/clear,23.5,1010.0,24.0,5.7,199.0
2977036,beijing_meo,2018-04-27 03:00:00,Sunny/clear,23.4,1016.5,26.0,4.5,208.0
2977037,fengtai_meo,2018-04-27 03:00:00,Sunny/clear,24.4,1013.6,28.0,2.1,209.0
2977038,daxing_meo,2018-04-27 03:00:00,Sunny/clear,23.6,1015.8,31.0,4.2,207.0
2977039,fangshan_meo,2018-04-27 03:00:00,Sunny/clear,22.9,1014.5,21.0,5.5,209.0
2977040,xiayunling_meo,2018-04-27 03:00:00,Sunny/clear,22.1,972.3,28.0,3.6,214.0
2978556,shunyi_meo,2018-04-27 04:00:00,Sunny/clear,24.9,1015.4,25.0,3.3,196.0
2978557,hadian_meo,2018-04-27 04:00:00,Sunny/clear,24.7,1013.2,23.0,3.6,213.0
2978558,yanqing_meo,2018-04-27 04:00:00,Sunny/clear,22.6,961.6,16.0,1.4,339.0
2978559,miyun_meo,2018-04-27 04:00:00,Hail,24.2,1010.2,28.0,3.0,204.0
2978560,huairou_meo,2018-04-27 04:00:00,Sunny/clear,24.9,1009.5,25.0,3.9,197.0
2978561,shangdianzi_meo,2018-04-27 04:00:00,Sunny/clear,22.5,984.3,30.0,6.1,220.0
2978562,pinggu_meo,2018-04-27 04:00:00,Sunny/clear,23.8,1015.3,31.0,3.3,233.0
2978563,tongzhou_meo,2018-04-27 04:00:00,Sunny/clear,24.3,1016.9,24.0,3.4,192.0
2978564,chaoyang_meo,2018-04-27 04:00:00,Sunny/clear,24.3,1014.9,26.0,3.6,210.0
2978565,pingchang_meo,2018-04-27 04:00:00,Sunny/clear,25.2,1009.5,23.0,2.6,101.0
2978566,zhaitang_meo,2018-04-27 04:00:00,Sunny/clear,24.1,966.9,21.0,2.8,242.0
2978567,mentougou_meo,2018-04-27 04:00:00,Sunny/clear,24.1,1009.0,22.0,5.1,199.0
2978568,beijing_meo,2018-04-27 04:00:00,Sunny/clear,24.1,1015.4,25.0,5.0,197.0
2978569,shijingshan_meo,2018-04-27 04:00:00,Sunny/clear,24.4,1011.3,21.0,5.9,170.0
2978570,fengtai_meo,2018-04-27 04:00:00,Sunny/clear,24.5,1012.6,26.0,3.4,221.0
2978571,daxing_meo,2018-04-27 04:00:00,Sunny/clear,24.6,1014.9,27.0,3.4,196.0
2978572,fangshan_meo,2018-04-27 04:00:00,Sunny/clear,24.2,1013.5,15.0,4.5,205.0
2978573,xiayunling_meo,2018-04-27 04:00:00,Sunny/clear,22.4,971.3,27.0,3.6,199.0
2981603,shunyi_meo,2018-04-27 06:00:00,Sunny/clear,26.2,1013.4,22.0,5.4,211.0
2981604,hadian_meo,2018-04-27 06:00:00,Sunny/clear,25.6,1011.1,22.0,4.7,224.0
2981605,yanqing_meo,2018-04-27 06:00:00,Sunny/clear,25.4,959.3,9.0,1.9,202.0
2981606,miyun_meo,2018-04-27 06:00:00,Sunny/clear,25.8,1008.0,24.0,3.0,224.0
2981607,huairou_meo,2018-04-27 06:00:00,Sunny/clear,26.2,1007.6,24.0,3.8,228.0
2981608,shangdianzi_meo,2018-04-27 06:00:00,Sunny/clear,24.4,982.3,25.0,5.9,193.0
2981609,pinggu_meo,2018-04-27 06:00:00,Sunny/clear,25.4,1013.3,24.0,2.7,220.0
2981610,tongzhou_meo,2018-04-27 06:00:00,Sunny/clear,25.4,1014.7,23.0,4.7,181.0
2981611,chaoyang_meo,2018-04-27 06:00:00,Sunny/clear,25.0,1012.8,22.0,4.6,210.0
2981612,pingchang_meo,2018-04-27 06:00:00,Sunny/clear,26.2,1007.3,20.0,3.5,163.0
2981613,zhaitang_meo,2018-04-27 06:00:00,Sunny/clear,26.1,964.5,20.0,3.1,233.0
2981614,mentougou_meo,2018-04-27 06:00:00,Sunny/clear,24.7,1006.9,23.0,4.5,184.0
2981615,beijing_meo,2018-04-27 06:00:00,Sunny/clear,25.2,1013.4,22.0,6.1,216.0
2981616,shijingshan_meo,2018-04-27 06:00:00,Sunny/clear,25.1,1009.2,21.0,5.2,197.0
2981617,fengtai_meo,2018-04-27 06:00:00,Sunny/clear,25.6,1010.5,24.0,3.9,224.0
2981618,daxing_meo,2018-04-27 06:00:00,Sunny/clear,25.2,1012.7,21.0,3.6,231.0
2981619,fangshan_meo,2018-04-27 06:00:00,Sunny/clear,24.4,1011.3,17.0,7.0,197.0
2981620,xiayunling_meo,2018-04-27 06:00:00,Sunny/clear,23.4,969.5,28.0,5.0,218.0
2983136,shunyi_meo,2018-04-27 07:00:00,Sunny/clear,26.3,1012.4,20.0,3.7,225.0
2983137,hadian_meo,2018-04-27 07:00:00,Sunny/clear,26.1,1010.1,24.0,3.3,192.0
2983138,yanqing_meo,2018-04-27 07:00:00,Sunny/clear,24.6,958.4,19.0,4.7,144.0
2983139,miyun_meo,2018-04-27 07:00:00,Sunny/clear,26.1,1007.2,24.0,3.2,213.0
2983140,huairou_meo,2018-04-27 07:00:00,Sunny/clear,26.1,1006.6,22.0,4.8,243.0
2983141,shangdianzi_meo,2018-04-27 07:00:00,Sunny/clear,24.6,981.4,25.0,6.8,217.0
2983142,pinggu_meo,2018-04-27 07:00:00,Sunny/clear,25.7,1012.3,24.0,2.9,226.0
2983143,tongzhou_meo,2018-04-27 07:00:00,Sunny/clear,25.1,1013.9,22.0,4.5,198.0
2983144,chaoyang_meo,2018-04-27 07:00:00,Sunny/clear,25.2,1011.9,21.0,4.0,205.0
2983145,pingchang_meo,2018-04-27 07:00:00,Sunny/clear,26.3,1006.4,21.0,3.6,143.0
2983146,zhaitang_meo,2018-04-27 07:00:00,Sunny/clear,26.6,963.5,20.0,2.3,311.0
2983147,mentougou_meo,2018-04-27 07:00:00,Sunny/clear,24.8,1006.0,24.0,6.4,197.0
2983148,beijing_meo,2018-04-27 07:00:00,Sunny/clear,25.1,1012.4,22.0,5.7,212.0
2983149,shijingshan_meo,2018-04-27 07:00:00,Sunny/clear,25.0,1008.3,23.0,4.5,209.0
2983150,fengtai_meo,2018-04-27 07:00:00,Sunny/clear,25.8,1009.5,23.0,3.2,210.0
2983151,daxing_meo,2018-04-27 07:00:00,Sunny/clear,25.2,1011.7,19.0,6.2,201.0
2983152,fangshan_meo,2018-04-27 07:00:00,Sunny/clear,24.6,1010.3,18.0,6.1,191.0
2983153,xiayunling_meo,2018-04-27 07:00:00,Sunny/clear,23.4,968.7,28.0,2.6,169.0
2984669,shunyi_meo,2018-04-27 08:00:00,Sunny/clear,26.0,1011.3,22.0,2.9,221.0
2984670,hadian_meo,2018-04-27 08:00:00,Sunny/clear,25.7,1009.1,24.0,3.1,181.0
2984671,yanqing_meo,2018-04-27 08:00:00,Sunny/clear,24.1,957.5,23.0,4.2,134.0
2984672,miyun_meo,2018-04-27 08:00:00,Sunny/clear,25.6,1006.2,23.0,2.2,206.0
2984673,huairou_meo,2018-04-27 08:00:00,Sunny/clear,25.8,1005.7,23.0,4.1,209.0
2984674,shangdianzi_meo,2018-04-27 08:00:00,Sunny/clear,24.5,980.4,26.0,6.3,206.0
2984675,pinggu_meo,2018-04-27 08:00:00,Sunny/clear,25.6,1011.3,22.0,3.9,211.0
2984676,tongzhou_meo,2018-04-27 08:00:00,Sunny/clear,25.5,1012.7,22.0,3.8,193.0
2984677,chaoyang_meo,2018-04-27 08:00:00,Sunny/clear,25.4,1010.9,22.0,5.2,238.0
2984678,pingchang_meo,2018-04-27 08:00:00,Sunny/clear,26.0,1005.4,23.0,3.1,140.0
2984679,zhaitang_meo,2018-04-27 08:00:00,Sunny/clear,26.8,962.5,22.0,3.1,138.0
2984680,mentougou_meo,2018-04-27 08:00:00,Sunny/clear,24.9,1004.9,24.0,5.6,195.0
2984681,beijing_meo,2018-04-27 08:00:00,Sunny/clear,25.3,1011.3,21.0,3.7,230.0
2984682,shijingshan_meo,2018-04-27 08:00:00,Sunny/clear,25.1,1007.2,23.0,3.9,208.0
2984683,fengtai_meo,2018-04-27 08:00:00,Sunny/clear,25.4,1008.5,24.0,4.6,204.0
2984684,daxing_meo,2018-04-27 08:00:00,Sunny/clear,25.4,1010.7,23.0,3.2,219.0
2984685,fangshan_meo,2018-04-27 08:00:00,Sunny/clear,24.7,1009.3,18.0,6.7,232.0
2984686,xiayunling_meo,2018-04-27 08:00:00,Sunny/clear,23.2,967.8,30.0,2.0,171.0
2986202,shunyi_meo,2018-04-27 09:00:00,Sunny/clear,25.9,1010.8,22.0,2.6,221.0
2986203,hadian_meo,2018-04-27 09:00:00,Sunny/clear,25.1,1008.5,27.0,3.0,195.0
2986204,yanqing_meo,2018-04-27 09:00:00,Sunny/clear,23.7,957.3,24.0,2.7,139.0
2986205,miyun_meo,2018-04-27 09:00:00,Sunny/clear,25.4,1005.7,24.0,2.6,220.0
2986206,huairou_meo,2018-04-27 09:00:00,Sunny/clear,25.1,1005.1,25.0,2.7,199.0
2986207,shangdianzi_meo,2018-04-27 09:00:00,Sunny/clear,23.7,979.9,26.0,7.2,208.0
2986208,pinggu_meo,2018-04-27 09:00:00,Sunny/clear,25.4,1010.7,23.0,2.4,202.0
2986209,tongzhou_meo,2018-04-27 09:00:00,Sunny/clear,24.9,1012.2,24.0,2.8,204.0
2986210,chaoyang_meo,2018-04-27 09:00:00,Sunny/clear,24.8,1010.3,24.0,4.1,206.0
2986211,pingchang_meo,2018-04-27 09:00:00,Sunny/clear,25.6,1004.9,24.0,3.3,147.0
2986212,zhaitang_meo,2018-04-27 09:00:00,Sunny/clear,24.6,962.3,27.0,3.8,42.0
2986213,mentougou_meo,2018-04-27 09:00:00,Sunny/clear,24.5,999999.0,24.0,5.0,195.0
2986214,beijing_meo,2018-04-27 09:00:00,Sunny/clear,24.5,1010.7,24.0,5.0,217.0
2986215,shijingshan_meo,2018-04-27 09:00:00,Sunny/clear,24.6,1006.6,23.0,4.0,199.0
2986216,fengtai_meo,2018-04-27 09:00:00,Sunny/clear,25.0,1007.8,25.0,4.9,215.0
2986217,daxing_meo,2018-04-27 09:00:00,Sunny/clear,24.9,1010.1,27.0,1.8,230.0
2986218,fangshan_meo,2018-04-27 09:00:00,Sunny/clear,24.2,1008.7,20.0,5.7,235.0
2986219,xiayunling_meo,2018-04-27 09:00:00,Sunny/clear,22.3,967.4,28.0,4.3,186.0
2987735,shunyi_meo,2018-04-27 10:00:00,Sunny/clear,24.7,1010.4,25.0,3.3,243.0
2987736,hadian_meo,2018-04-27 10:00:00,Sunny/clear,23.9,1008.1,27.0,3.5,210.0
2987737,yanqing_meo,2018-04-27 10:00:00,Sunny/clear,22.0,957.2,28.0,3.3,128.0
2987738,miyun_meo,2018-04-27 10:00:00,Sunny/clear,24.1,1005.3,28.0,2.1,221.0
2987739,huairou_meo,2018-04-27 10:00:00,Sunny/clear,24.2,1004.8,29.0,1.2,212.0
2987740,shangdianzi_meo,2018-04-27 10:00:00,Sunny/clear,22.5,979.6,27.0,6.2,206.0
2987741,pinggu_meo,2018-04-27 10:00:00,Sunny/clear,24.6,1010.3,24.0,2.2,212.0
2987742,tongzhou_meo,2018-04-27 10:00:00,Sunny/clear,24.0,1011.7,26.0,2.5,195.0
2987743,chaoyang_meo,2018-04-27 10:00:00,Sunny/clear,24.0,1009.8,27.0,4.8,240.0
2987744,pingchang_meo,2018-04-27 10:00:00,Sunny/clear,24.6,1004.5,25.0,2.4,159.0
2987745,zhaitang_meo,2018-04-27 10:00:00,Sunny/clear,23.6,962.3,29.0,0.9,329.0
2987746,mentougou_meo,2018-04-27 10:00:00,Sunny/clear,23.6,1003.9,30.0,3.9,215.0
2987747,beijing_meo,2018-04-27 10:00:00,Sunny/clear,23.7,1010.3,28.0,3.9,220.0
2987748,fengtai_meo,2018-04-27 10:00:00,Sunny/clear,24.3,1007.5,28.0,3.8,223.0
2987749,daxing_meo,2018-04-27 10:00:00,Sunny/clear,23.6,1009.7,32.0,3.0,207.0
2987750,fangshan_meo,2018-04-27 10:00:00,Sunny/clear,23.3,1008.3,23.0,5.5,208.0
2987751,xiayunling_meo,2018-04-27 10:00:00,Sunny/clear,21.0,967.2,33.0,4.0,179.0
2989267,shunyi_meo,2018-04-27 11:00:00,Sunny/clear,23.4,1010.6,29.0,2.3,221.0
2989268,hadian_meo,2018-04-27 11:00:00,Sunny/clear,22.8,1008.2,34.0,2.7,192.0
2989269,yanqing_meo,2018-04-27 11:00:00,Sunny/clear,20.2,957.4,32.0,2.2,160.0
2989270,miyun_meo,2018-04-27 11:00:00,Sunny/clear,22.4,1005.5,28.0,1.9,205.0
2989271,huairou_meo,2018-04-27 11:00:00,Sunny/clear,22.5,1004.9,32.0,2.0,218.0
2989272,shangdianzi_meo,2018-04-27 11:00:00,Sunny/clear,20.7,979.8,31.0,3.7,223.0
2989273,pinggu_meo,2018-04-27 11:00:00,Sunny/clear,23.2,1010.5,26.0,1.6,224.0
2989274,tongzhou_meo,2018-04-27 11:00:00,Sunny/clear,22.2,1011.9,33.0,1.4,193.0
2989275,chaoyang_meo,2018-04-27 11:00:00,Sunny/clear,23.1,1010.0,32.0,4.6,214.0
2989276,pingchang_meo,2018-04-27 11:00:00,Sunny/clear,23.2,1004.6,28.0,1.8,168.0
2989277,zhaitang_meo,2018-04-27 11:00:00,Sunny/clear,21.3,962.8,34.0,0.8,259.0
2989278,mentougou_meo,2018-04-27 11:00:00,Sunny/clear,22.3,1004.0,36.0,4.2,203.0
2989279,beijing_meo,2018-04-27 11:00:00,Sunny/clear,22.4,1010.4,33.0,3.7,226.0
2989280,shijingshan_meo,2018-04-27 11:00:00,Sunny/clear,22.7,1006.2,33.0,3.0,191.0
2989281,fengtai_meo,2018-04-27 11:00:00,Sunny/clear,23.1,1007.6,34.0,3.1,220.0
2989282,daxing_meo,2018-04-27 11:00:00,Sunny/clear,22.6,1009.7,35.0,2.5,203.0
2989283,fangshan_meo,2018-04-27 11:00:00,Sunny/clear,21.7,1008.4,30.0,2.5,210.0
2989284,xiayunling_meo,2018-04-27 11:00:00,Sunny/clear,19.9,967.4,37.0,1.3,154.0
2990800,shunyi_meo,2018-04-27 12:00:00,Sunny/clear,21.8,1010.9,35.0,2.0,171.0
2990801,hadian_meo,2018-04-27 12:00:00,Sunny/clear,21.9,1008.4,39.0,2.6,211.0
2990802,yanqing_meo,2018-04-27 12:00:00,Sunny/clear,18.6,957.9,36.0,1.2,90.0
2990803,miyun_meo,2018-04-27 12:00:00,Sunny/clear,20.5,1006.0,34.0,1.5,193.0
2990804,huairou_meo,2018-04-27 12:00:00,Sunny/clear,19.7,1005.4,46.0,1.7,318.0
2990805,shangdianzi_meo,2018-04-27 12:00:00,Sunny/clear,19.5,980.3,35.0,3.8,257.0
2990806,pinggu_meo,2018-04-27 12:00:00,Sunny/clear,19.2,1010.9,48.0,0.7,30.0
2990807,tongzhou_meo,2018-04-27 12:00:00,Sunny/clear,18.9,1012.2,47.0,1.0,192.0
2990808,chaoyang_meo,2018-04-27 12:00:00,Sunny/clear,22.5,1010.2,35.0,4.2,210.0
2990809,pingchang_meo,2018-04-27 12:00:00,Sunny/clear,21.6,1005.0,33.0,0.9,82.0
2990810,zhaitang_meo,2018-04-27 12:00:00,Sunny/clear,20.0,963.3,34.0,3.6,239.0
2990811,mentougou_meo,2018-04-27 12:00:00,Sunny/clear,20.9,1004.2,42.0,3.0,174.0
2990812,beijing_meo,2018-04-27 12:00:00,Sunny/clear,21.4,1010.7,37.0,2.6,214.0
2990813,shijingshan_meo,2018-04-27 12:00:00,Sunny/clear,21.7,1006.5,38.0,3.1,192.0
2990814,fengtai_meo,2018-04-27 12:00:00,Sunny/clear,22.0,1007.8,39.0,2.1,212.0
2990815,daxing_meo,2018-04-27 12:00:00,Sunny/clear,21.5,1010.1,39.0,1.8,202.0
2990816,fangshan_meo,2018-04-27 12:00:00,Sunny/clear,20.6,1008.7,34.0,3.5,210.0
2990817,xiayunling_meo,2018-04-27 12:00:00,Sunny/clear,17.6,967.7,48.0,1.8,156.0
2992333,shunyi_meo,2018-04-27 13:00:00,Sunny/clear,20.5,1011.2,42.0,1.5,176.0
2992334,hadian_meo,2018-04-27 13:00:00,Sunny/clear,21.2,1008.7,42.0,1.7,192.0
2992335,yanqing_meo,2018-04-27 13:00:00,Sunny/clear,17.4,958.1,38.0,0.7,45.0
2992336,miyun_meo,2018-04-27 13:00:00,Sunny/clear,18.3,1006.4,45.0,1.1,201.0
2992337,huairou_meo,2018-04-27 13:00:00,Sunny/clear,17.8,1005.8,54.0,1.2,323.0
2992338,shangdianzi_meo,2018-04-27 13:00:00,Sunny/clear,19.0,980.8,35.0,3.2,245.0
2992339,pinggu_meo,2018-04-27 13:00:00,Sunny/clear,16.6,1011.5,55.0,1.4,52.0
2992340,tongzhou_meo,2018-04-27 13:00:00,Sunny/clear,17.8,1012.5,49.0,1.0,205.0
2992341,chaoyang_meo,2018-04-27 13:00:00,Sunny/clear,21.9,1010.5,38.0,1.9,224.0
2992342,pingchang_meo,2018-04-27 13:00:00,Sunny/clear,19.8,1005.3,40.0,1.1,25.0
2992343,zhaitang_meo,2018-04-27 13:00:00,Sunny/clear,19.1,963.7,36.0,3.8,222.0
2992344,mentougou_meo,2018-04-27 13:00:00,Hail,20.0,1004.6,46.0,1.9,213.0
2992345,beijing_meo,2018-04-27 13:00:00,Sunny/clear,20.5,1011.0,41.0,2.4,220.0
2992346,shijingshan_meo,2018-04-27 13:00:00,Sunny/clear,20.9,1006.9,41.0,2.9,192.0
2992347,fengtai_meo,2018-04-27 13:00:00,Sunny/clear,21.1,1008.1,44.0,1.7,234.0
2992348,daxing_meo,2018-04-27 13:00:00,Sunny/clear,20.5,1010.4,42.0,1.9,218.0
2992349,fangshan_meo,2018-04-27 13:00:00,Sunny/clear,19.8,1009.0,38.0,2.9,218.0
2992350,xiayunling_meo,2018-04-27 13:00:00,Sunny/clear,17.1,967.9,50.0,1.5,191.0
2993866,shunyi_meo,2018-04-27 14:00:00,Sunny/clear,19.9,1011.1,44.0,1.7,199.0
2993867,hadian_meo,2018-04-27 14:00:00,Sunny/clear,20.5,1008.7,46.0,2.3,216.0
2993868,yanqing_meo,2018-04-27 14:00:00,Sunny/clear,15.7,958.2,46.0,0.9,62.0
2993869,miyun_meo,2018-04-27 14:00:00,Sunny/clear,16.5,1006.4,57.0,0.6,78.0
2993870,huairou_meo,2018-04-27 14:00:00,Sunny/clear,16.7,1005.8,57.0,1.3,324.0
2993871,shangdianzi_meo,2018-04-27 14:00:00,Sunny/clear,16.5,980.7,44.0,1.7,234.0
2993872,pinggu_meo,2018-04-27 14:00:00,Sunny/clear,15.7,1011.5,58.0,1.3,88.0
2993873,tongzhou_meo,2018-04-27 14:00:00,Sunny/clear,17.1,1012.5,51.0,1.1,201.0
2993874,chaoyang_meo,2018-04-27 14:00:00,Sunny/clear,21.4,1010.5,39.0,3.6,206.0
2993875,pingchang_meo,2018-04-27 14:00:00,Sunny/clear,18.8,1005.4,44.0,0.9,19.0
2993876,zhaitang_meo,2018-04-27 14:00:00,Sunny/clear,18.0,963.5,40.0,3.7,243.0
2993877,mentougou_meo,2018-04-27 14:00:00,Sunny/clear,18.7,1004.5,51.0,2.1,228.0
2993878,beijing_meo,2018-04-27 14:00:00,Sunny/clear,20.0,1011.0,41.0,2.9,209.0
2993879,shijingshan_meo,2018-04-27 14:00:00,Sunny/clear,19.3,1006.8,46.0,0.7,200.0
2993880,fengtai_meo,2018-04-27 14:00:00,Sunny/clear,20.6,1007.9,46.0,2.2,228.0
2993881,daxing_meo,2018-04-27 14:00:00,Sunny/clear,19.9,1010.2,43.0,2.0,208.0
2993882,fangshan_meo,2018-04-27 14:00:00,Sunny/clear,19.0,1008.8,41.0,3.1,207.0
2993883,xiayunling_meo,2018-04-27 14:00:00,Sunny/clear,16.3,967.7,53.0,2.2,186.0
2995399,shunyi_meo,2018-04-27 15:00:00,Sunny/clear,18.6,1010.8,48.0,1.0,173.0
2995400,hadian_meo,2018-04-27 15:00:00,Sunny/clear,19.3,1008.3,50.0,1.5,229.0
2995401,yanqing_meo,2018-04-27 15:00:00,Sunny/clear,15.0,957.9,48.0,0.9,69.0
2995402,miyun_meo,2018-04-27 15:00:00,Sunny/clear,14.2,1006.1,65.0,0.5,80.0
2995403,huairou_meo,2018-04-27 15:00:00,Sunny/clear,15.6,1005.5,66.0,0.8,1.0
2995404,shangdianzi_meo,2018-04-27 15:00:00,Sunny/clear,15.0,980.5,49.0,1.0,256.0
2995405,pinggu_meo,2018-04-27 15:00:00,Sunny/clear,15.0,1011.3,63.0,1.1,59.0
2995406,tongzhou_meo,2018-04-27 15:00:00,Sunny/clear,16.0,1012.3,57.0,1.2,189.0
2995407,chaoyang_meo,2018-04-27 15:00:00,Sunny/clear,20.9,1010.1,41.0,1.8,217.0
2995408,pingchang_meo,2018-04-27 15:00:00,Sunny/clear,18.0,1005.1,44.0,1.1,16.0
2995409,zhaitang_meo,2018-04-27 15:00:00,Sunny/clear,17.4,963.1,42.0,6.1,223.0
2995410,mentougou_meo,2018-04-27 15:00:00,Sunny/clear,17.7,1004.1,56.0,1.7,200.0
2995411,beijing_meo,2018-04-27 15:00:00,Sunny/clear,18.9,1010.6,44.0,1.9,205.0
2995412,shijingshan_meo,2018-04-27 15:00:00,Sunny/clear,17.3,1006.5,54.0,0.0,999017.0
2995413,fengtai_meo,2018-04-27 15:00:00,Sunny/clear,18.0,1007.6,54.0,1.1,182.0
2995414,daxing_meo,2018-04-27 15:00:00,Sunny/clear,18.9,1009.9,46.0,1.2,209.0
2995415,fangshan_meo,2018-04-27 15:00:00,Sunny/clear,18.4,1008.4,43.0,2.7,206.0
2995416,xiayunling_meo,2018-04-27 15:00:00,Sunny/clear,15.7,967.3,54.0,2.8,177.0
2996932,shunyi_meo,2018-04-27 16:00:00,Sunny/clear,18.1,1010.5,50.0,1.4,165.0
2996933,hadian_meo,2018-04-27 16:00:00,Sunny/clear,15.6,1008.2,68.0,0.0,999017.0
2996934,yanqing_meo,2018-04-27 16:00:00,Sunny/clear,14.2,957.6,49.0,1.4,81.0
2996935,miyun_meo,2018-04-27 16:00:00,Sunny/clear,13.1,1005.7,71.0,0.9,46.0
2996936,huairou_meo,2018-04-27 16:00:00,Sunny/clear,14.9,1005.2,69.0,1.5,323.0
2996937,shangdianzi_meo,2018-04-27 16:00:00,Sunny/clear,15.6,980.3,48.0,1.4,256.0
2996938,pinggu_meo,2018-04-27 16:00:00,Sunny/clear,14.2,1011.0,66.0,1.5,80.0
2996939,tongzhou_meo,2018-04-27 16:00:00,Sunny/clear,15.3,1011.9,58.0,1.1,171.0
2996940,chaoyang_meo,2018-04-27 16:00:00,Sunny/clear,20.0,1009.8,44.0,2.2,189.0
2996941,pingchang_meo,2018-04-27 16:00:00,Sunny/clear,16.4,1005.0,51.0,2.1,339.0
2996942,zhaitang_meo,2018-04-27 16:00:00,Sunny/clear,16.2,962.9,46.0,1.5,231.0
2996943,mentougou_meo,2018-04-27 16:00:00,Sunny/clear,16.5,1003.8,60.0,0.5,215.0
2996944,beijing_meo,2018-04-27 16:00:00,Sunny/clear,18.0,1010.2,46.0,2.4,194.0
2996945,shijingshan_meo,2018-04-27 16:00:00,Sunny/clear,16.1,1006.2,62.0,0.7,356.0
2996946,fengtai_meo,2018-04-27 16:00:00,Sunny/clear,16.2,1007.3,63.0,1.0,179.0
2996947,daxing_meo,2018-04-27 16:00:00,Sunny/clear,18.2,1009.5,48.0,2.1,194.0
2996948,fangshan_meo,2018-04-27 16:00:00,Sunny/clear,17.4,1008.0,49.0,1.6,231.0
2996949,xiayunling_meo,2018-04-27 16:00:00,Sunny/clear,14.8,966.7,57.0,3.1,189.0
2998465,shunyi_meo,2018-04-27 17:00:00,Sunny/clear,17.0,1010.0,57.0,1.1,147.0
2998466,hadian_meo,2018-04-27 17:00:00,Sunny/clear,14.3,1007.8,77.0,0.0,999017.0
2998467,yanqing_meo,2018-04-27 17:00:00,Sunny/clear,12.7,957.2,56.0,1.1,72.0
2998468,miyun_meo,2018-04-27 17:00:00,Sunny/clear,12.3,1005.3,74.0,0.8,42.0
2998469,huairou_meo,2018-04-27 17:00:00,Sunny/clear,14.3,1004.8,74.0,0.9,333.0
2998470,shangdianzi_meo,2018-04-27 17:00:00,Sunny/clear,14.0,979.7,58.0,1.7,254.0
2998471,pinggu_meo,2018-04-27 17:00:00,Sunny/clear,13.7,1010.4,67.0,1.3,90.0
2998472,tongzhou_meo,2018-04-27 17:00:00,Sunny/clear,14.2,1011.3,65.0,1.5,145.0
2998473,chaoyang_meo,2018-04-27 17:00:00,Sunny/clear,18.2,1009.3,52.0,0.1,999017.0
2998474,pingchang_meo,2018-04-27 17:00:00,Sunny/clear,15.5,1004.5,54.0,1.1,310.0
2998475,zhaitang_meo,2018-04-27 17:00:00,Sunny/clear,13.0,962.5,59.0,1.9,7.0
2998476,mentougou_meo,2018-04-27 17:00:00,Sunny/clear,15.1,1003.4,61.0,2.0,298.0
2998477,beijing_meo,2018-04-27 17:00:00,Sunny/clear,17.2,1009.6,49.0,2.0,195.0
2998478,shijingshan_meo,2018-04-27 17:00:00,Sunny/clear,14.4,1005.8,70.0,0.6,333.0
2998479,fengtai_meo,2018-04-27 17:00:00,Sunny/clear,15.2,1006.8,67.0,0.6,231.0
2998480,daxing_meo,2018-04-27 17:00:00,Sunny/clear,16.9,1008.9,54.0,1.9,190.0
2998481,fangshan_meo,2018-04-27 17:00:00,Sunny/clear,16.3,1007.6,52.0,2.0,225.0
2998482,xiayunling_meo,2018-04-27 17:00:00,Sunny/clear,14.3,966.2,58.0,1.2,197.0
2999998,shunyi_meo,2018-04-27 18:00:00,Sunny/clear,16.7,1009.7,54.0,0.7,113.0
2999999,hadian_meo,2018-04-27 18:00:00,Sunny/clear,13.4,1007.4,79.0,0.0,999017.0
3000000,yanqing_meo,2018-04-27 18:00:00,Sunny/clear,12.0,956.8,57.0,1.1,104.0
3000001,miyun_meo,2018-04-27 18:00:00,Sunny/clear,11.8,1004.9,78.0,0.8,44.0
3000002,huairou_meo,2018-04-27 18:00:00,Sunny/clear,13.8,1004.3,73.0,1.8,318.0
3000003,shangdianzi_meo,2018-04-27 18:00:00,Sunny/clear,13.0,979.2,63.0,0.1,999017.0
3000004,pinggu_meo,2018-04-27 18:00:00,Sunny/clear,13.0,1009.9,72.0,1.2,61.0
3000005,tongzhou_meo,2018-04-27 18:00:00,Sunny/clear,13.9,1010.8,66.0,1.6,117.0
3000006,chaoyang_meo,2018-04-27 18:00:00,Sunny/clear,15.2,1008.9,67.0,0.7,111.0
3000007,pingchang_meo,2018-04-27 18:00:00,Sunny/clear,14.9,1004.1,57.0,1.3,328.0
3000008,zhaitang_meo,2018-04-27 18:00:00,Sunny/clear,11.1,962.1,69.0,0.3,164.0
3000009,mentougou_meo,2018-04-27 18:00:00,Sunny/clear,13.9,1003.0,71.0,1.5,289.0
3000010,beijing_meo,2018-04-27 18:00:00,Sunny/clear,16.3,1009.2,53.0,1.7,188.0
3000011,shijingshan_meo,2018-04-27 18:00:00,Sunny/clear,13.0,1005.4,75.0,0.5,41.0
3000012,fengtai_meo,2018-04-27 18:00:00,Sunny/clear,14.0,1006.4,72.0,0.1,999017.0
3000013,daxing_meo,2018-04-27 18:00:00,Sunny/clear,17.1,1008.4,54.0,2.3,199.0
3000014,fangshan_meo,2018-04-27 18:00:00,Sunny/clear,13.0,1007.2,65.0,0.9,83.0
3000015,xiayunling_meo,2018-04-27 18:00:00,Sunny/clear,12.2,965.6,68.0,0.9,151.0
3001531,shunyi_meo,2018-04-27 19:00:00,Sunny/clear,15.3,1009.3,61.0,0.8,94.0
3001532,hadian_meo,2018-04-27 19:00:00,Sunny/clear,12.8,1006.9,80.0,0.4,17.0
3001533,yanqing_meo,2018-04-27 19:00:00,Sunny/clear,10.9,956.4,62.0,0.0,999017.0
3001534,miyun_meo,2018-04-27 19:00:00,Sunny/clear,11.0,1004.5,84.0,0.5,100.0
3001535,huairou_meo,2018-04-27 19:00:00,Sunny/clear,12.9,1003.9,75.0,1.5,300.0
3001536,shangdianzi_meo,2018-04-27 19:00:00,Sunny/clear,11.8,978.7,69.0,0.8,97.0
3001537,pinggu_meo,2018-04-27 19:00:00,Sunny/clear,12.9,1009.4,71.0,1.3,66.0
3001538,tongzhou_meo,2018-04-27 19:00:00,Sunny/clear,12.2,1010.3,79.0,0.7,35.0
3001539,chaoyang_meo,2018-04-27 19:00:00,Sunny/clear,14.3,1008.4,69.0,0.7,86.0
3001540,pingchang_meo,2018-04-27 19:00:00,Sunny/clear,13.8,1003.7,63.0,1.1,30.0
3001541,zhaitang_meo,2018-04-27 19:00:00,Sunny/clear,9.8,961.8,75.0,0.6,237.0
3001542,mentougou_meo,2018-04-27 19:00:00,Sunny/clear,13.1,1002.5,74.0,2.0,292.0
3001543,beijing_meo,2018-04-27 19:00:00,Sunny/clear,15.5,1008.8,58.0,1.1,215.0
3001544,shijingshan_meo,2018-04-27 19:00:00,Sunny/clear,12.2,1004.9,80.0,0.0,999017.0
3001545,fengtai_meo,2018-04-27 19:00:00,Sunny/clear,13.0,1006.0,81.0,0.6,300.0
3001546,daxing_meo,2018-04-27 19:00:00,Sunny/clear,14.4,1007.9,65.0,1.0,156.0
3001547,fangshan_meo,2018-04-27 19:00:00,Sunny/clear,11.6,1006.7,75.0,0.9,87.0
3001548,xiayunling_meo,2018-04-27 19:00:00,Sunny/clear,11.2,965.1,73.0,0.3,174.0
3003064,shunyi_meo,2018-04-27 20:00:00,Sunny/clear,14.1,1008.8,67.0,1.5,20.0
3003065,hadian_meo,2018-04-27 20:00:00,Sunny/clear,12.6,1006.5,77.0,0.7,28.0
3003066,yanqing_meo,2018-04-27 20:00:00,Sunny/clear,10.1,955.8,67.0,0.9,82.0
3003067,miyun_meo,2018-04-27 20:00:00,Sunny/clear,9.9,1003.8,90.0,0.7,97.0
3003068,huairou_meo,2018-04-27 20:00:00,Sunny/clear,12.1,1003.3,79.0,1.1,307.0
3003069,shangdianzi_meo,2018-04-27 20:00:00,Sunny/clear,11.1,978.0,71.0,0.2,999017.0
3003070,pinggu_meo,2018-04-27 20:00:00,Sunny/clear,13.3,1008.7,68.0,1.6,74.0
3003071,tongzhou_meo,2018-04-27 20:00:00,Sunny/clear,11.5,1009.9,84.0,0.6,46.0
3003072,chaoyang_meo,2018-04-27 20:00:00,Sunny/clear,13.6,1007.9,71.0,0.6,95.0
3003073,pingchang_meo,2018-04-27 20:00:00,Sunny/clear,13.6,1003.2,63.0,1.7,354.0
3003074,zhaitang_meo,2018-04-27 20:00:00,Sunny/clear,8.9,961.4,79.0,0.0,999017.0
3003075,mentougou_meo,2018-04-27 20:00:00,Sunny/clear,13.3,1002.1,68.0,2.4,302.0
3003076,beijing_meo,2018-04-27 20:00:00,Sunny/clear,14.1,1008.3,66.0,0.0,999017.0
3003077,shijingshan_meo,2018-04-27 20:00:00,Sunny/clear,11.6,1004.5,83.0,0.0,999017.0
3003078,fengtai_meo,2018-04-27 20:00:00,Sunny/clear,12.3,1005.5,83.0,0.1,999017.0
3003079,daxing_meo,2018-04-27 20:00:00,Sunny/clear,12.4,1007.4,74.0,0.9,87.0
3003080,fangshan_meo,2018-04-27 20:00:00,Sunny/clear,11.3,1006.2,79.0,0.9,18.0
3003081,xiayunling_meo,2018-04-27 20:00:00,Sunny/clear,10.1,964.7,78.0,0.6,337.0
3004597,shunyi_meo,2018-04-27 21:00:00,Sunny/clear,13.3,1008.6,70.0,1.0,16.0
3004598,hadian_meo,2018-04-27 21:00:00,Sunny/clear,12.5,1006.3,76.0,0.9,36.0
3004599,yanqing_meo,2018-04-27 21:00:00,Sunny/clear,9.2,955.8,73.0,0.7,74.0
3004600,miyun_meo,2018-04-27 21:00:00,Sunny/clear,9.5,1003.7,92.0,0.6,67.0
3004601,huairou_meo,2018-04-27 21:00:00,Sunny/clear,10.7,1003.1,83.0,0.6,299.0
3004602,shangdianzi_meo,2018-04-27 21:00:00,Sunny/clear,9.5,977.9,80.0,0.6,98.0
3004603,pinggu_meo,2018-04-27 21:00:00,Sunny/clear,12.1,1008.5,76.0,1.4,55.0
3004604,tongzhou_meo,2018-04-27 21:00:00,Hail,10.9,1009.6,87.0,0.9,120.0
3004605,chaoyang_meo,2018-04-27 21:00:00,Sunny/clear,13.1,1007.7,74.0,0.0,999017.0
3004606,pingchang_meo,2018-04-27 21:00:00,Sunny/clear,12.7,1003.1,68.0,1.3,342.0
3004607,zhaitang_meo,2018-04-27 21:00:00,Sunny/clear,7.8,961.2,84.0,0.0,999017.0
3004608,mentougou_meo,2018-04-27 21:00:00,Sunny/clear,12.7,1001.9,74.0,1.1,286.0
3004609,beijing_meo,2018-04-27 21:00:00,Hail,13.2,1008.0,72.0,0.1,999017.0
3004610,shijingshan_meo,2018-04-27 21:00:00,Sunny/clear,11.0,1004.3,84.0,0.0,999017.0
3004611,fengtai_meo,2018-04-27 21:00:00,Sunny/clear,12.1,1005.3,87.0,0.4,269.0
3004612,daxing_meo,2018-04-27 21:00:00,Sunny/clear,11.6,1007.3,84.0,0.0,999017.0
3004613,fangshan_meo,2018-04-27 21:00:00,Sunny/clear,10.3,1006.1,80.0,0.6,104.0
3004614,xiayunling_meo,2018-04-27 21:00:00,Sunny/clear,9.4,964.5,82.0,0.3,133.0
3006130,shunyi_meo,2018-04-27 22:00:00,Sunny/clear,13.3,1008.9,72.0,1.1,21.0
3006131,hadian_meo,2018-04-27 22:00:00,Sunny/clear,12.6,1006.6,78.0,0.9,21.0
3006132,yanqing_meo,2018-04-27 22:00:00,Sunny/clear,8.9,956.1,76.0,0.7,260.0
3006133,miyun_meo,2018-04-27 22:00:00,Sunny/clear,9.9,1004.0,92.0,0.5,83.0
3006134,huairou_meo,2018-04-27 22:00:00,Sunny/clear,10.6,1003.4,86.0,0.3,53.0
3006135,shangdianzi_meo,2018-04-27 22:00:00,Sunny/clear,9.2,978.1,80.0,0.7,83.0
3006136,pinggu_meo,2018-04-27 22:00:00,Sunny/clear,12.2,1008.5,77.0,1.3,84.0
3006137,tongzhou_meo,2018-04-27 22:00:00,Sunny/clear,11.9,1009.7,81.0,0.9,95.0
3006138,chaoyang_meo,2018-04-27 22:00:00,Sunny/clear,13.0,1008.0,77.0,0.0,999017.0
3006139,pingchang_meo,2018-04-27 22:00:00,Sunny/clear,12.2,1003.4,71.0,0.9,345.0
3006140,zhaitang_meo,2018-04-27 22:00:00,Sunny/clear,7.9,961.7,86.0,0.1,999017.0
3006141,mentougou_meo,2018-04-27 22:00:00,Sunny/clear,12.9,1002.2,67.0,1.8,318.0
3006142,beijing_meo,2018-04-27 22:00:00,Hail,13.1,1008.2,74.0,0.6,300.0
3006143,shijingshan_meo,2018-04-27 22:00:00,Sunny/clear,11.3,1004.6,85.0,0.7,320.0
3006144,fengtai_meo,2018-04-27 22:00:00,Sunny/clear,13.5,1005.6,76.0,0.5,70.0
3006145,daxing_meo,2018-04-27 22:00:00,Hail,11.5,1007.4,86.0,0.6,329.0
3006146,fangshan_meo,2018-04-27 22:00:00,Sunny/clear,11.0,1006.3,82.0,1.3,345.0
3006147,xiayunling_meo,2018-04-27 22:00:00,Sunny/clear,9.1,964.9,85.0,0.1,999017.0
3007663,shunyi_meo,2018-04-27 23:00:00,Sunny/clear,15.1,1009.1,65.0,1.0,23.0
3007664,hadian_meo,2018-04-27 23:00:00,Sunny/clear,14.6,1006.9,68.0,1.6,27.0
3007665,yanqing_meo,2018-04-27 23:00:00,Sunny/clear,11.1,956.4,65.0,1.0,235.0
3007666,miyun_meo,2018-04-27 23:00:00,Sunny/clear,13.3,1004.2,80.0,1.1,107.0
3007667,huairou_meo,2018-04-27 23:00:00,Sunny/clear,13.1,1003.7,77.0,1.0,159.0
3007668,shangdianzi_meo,2018-04-27 23:00:00,Sunny/clear,12.2,978.4,69.0,1.7,81.0
3007669,pinggu_meo,2018-04-27 23:00:00,Sunny/clear,14.0,1008.8,75.0,1.1,81.0
3007670,tongzhou_meo,2018-04-27 23:00:00,Hail,13.6,1010.0,81.0,1.0,95.0
3007671,chaoyang_meo,2018-04-27 23:00:00,Sunny/clear,15.1,1008.3,68.0,1.5,63.0
3007672,pingchang_meo,2018-04-27 23:00:00,Sunny/clear,14.5,1003.6,65.0,0.5,325.0
3007673,zhaitang_meo,2018-04-27 23:00:00,Sunny/clear,11.0,961.7,71.0,1.2,73.0
3007674,beijing_meo,2018-04-27 23:00:00,Sunny/clear,15.2,1008.5,66.0,1.1,47.0
3007675,shijingshan_meo,2018-04-27 23:00:00,Sunny/clear,14.3,1004.8,68.0,1.0,357.0
3007676,fengtai_meo,2018-04-27 23:00:00,Sunny/clear,16.9,1005.8,57.0,1.6,12.0
3007677,daxing_meo,2018-04-27 23:00:00,Hail,13.6,1007.6,85.0,0.2,999017.0
3007678,fangshan_meo,2018-04-27 23:00:00,Sunny/clear,13.4,1006.5,76.0,1.3,34.0
3007679,xiayunling_meo,2018-04-27 23:00:00,Sunny/clear,10.1,964.9,83.0,0.4,189.0
3009195,shunyi_meo,2018-04-28 00:00:00,Sunny/clear,17.7,1009.0,54.0,1.5,120.0
3009196,hadian_meo,2018-04-28 00:00:00,Sunny/clear,17.2,1006.8,56.0,1.8,37.0
3009197,yanqing_meo,2018-04-28 00:00:00,Sunny/clear,13.7,956.4,61.0,1.0,342.0
3009198,miyun_meo,2018-04-28 00:00:00,Sunny/clear,16.8,1004.1,66.0,0.7,80.0
3009199,huairou_meo,2018-04-28 00:00:00,Sunny/clear,17.0,1003.5,60.0,0.5,120.0
3009200,shangdianzi_meo,2018-04-28 00:00:00,Sunny/clear,15.6,978.3,56.0,1.9,66.0
3009201,pinggu_meo,2018-04-28 00:00:00,Sunny/clear,17.6,1008.6,60.0,1.2,96.0
3009202,tongzhou_meo,2018-04-28 00:00:00,Hail,16.3,1009.9,67.0,1.1,139.0
3009203,chaoyang_meo,2018-04-28 00:00:00,Sunny/clear,17.2,1008.3,59.0,1.4,2.0
3009204,pingchang_meo,2018-04-28 00:00:00,Sunny/clear,17.8,1003.5,52.0,0.8,328.0
3009205,zhaitang_meo,2018-04-28 00:00:00,Sunny/clear,14.6,961.3,57.0,1.0,95.0
3009206,mentougou_meo,2018-04-28 00:00:00,Sunny/clear,17.7,1002.3,51.0,2.0,11.0
3009207,beijing_meo,2018-04-28 00:00:00,Sunny/clear,17.5,1008.5,54.0,1.6,61.0
3009208,shijingshan_meo,2018-04-28 00:00:00,Sunny/clear,17.5,1004.8,52.0,2.3,47.0
3009209,fengtai_meo,2018-04-28 00:00:00,Sunny/clear,18.8,1005.7,52.0,2.1,49.0
3009210,daxing_meo,2018-04-28 00:00:00,Sunny/clear,17.4,1007.7,58.0,1.5,63.0
3009211,fangshan_meo,2018-04-28 00:00:00,Sunny/clear,17.6,1006.4,48.0,2.5,30.0
3009212,xiayunling_meo,2018-04-28 00:00:00,Sunny/clear,15.2,964.7,63.0,0.7,60.0
3010728,shunyi_meo,2018-04-28 01:00:00,Sunny/clear,19.4,1008.8,52.0,1.1,35.0
3010729,hadian_meo,2018-04-28 01:00:00,Sunny/clear,20.2,1006.4,47.0,1.2,12.0
3010730,yanqing_meo,2018-04-28 01:00:00,Sunny/clear,16.2,956.1,51.0,0.8,355.0
3010731,miyun_meo,2018-04-28 01:00:00,Sunny/clear,19.6,1003.6,52.0,0.7,167.0
3010732,huairou_meo,2018-04-28 01:00:00,Sunny/clear,20.1,1003.0,46.0,1.7,121.0
3010733,shangdianzi_meo,2018-04-28 01:00:00,Sunny/clear,18.5,977.9,51.0,1.5,186.0
3010734,pinggu_meo,2018-04-28 01:00:00,Sunny/clear,20.8,1008.3,43.0,1.7,124.0
3010735,tongzhou_meo,2018-04-28 01:00:00,Hail,19.0,1009.5,57.0,1.0,88.0
3010736,chaoyang_meo,2018-04-28 01:00:00,Sunny/clear,19.2,1008.1,50.0,1.7,20.0
3010737,pingchang_meo,2018-04-28 01:00:00,Sunny/clear,20.3,1003.1,45.0,0.7,157.0
3010738,zhaitang_meo,2018-04-28 01:00:00,Sunny/clear,18.6,960.9,43.0,1.2,38.0
3010739,mentougou_meo,2018-04-28 01:00:00,Sunny/clear,19.6,1002.1,47.0,2.4,65.0
3010740,beijing_meo,2018-04-28 01:00:00,Sunny/clear,19.0,1008.2,51.0,1.1,10.0
3010741,shijingshan_meo,2018-04-28 01:00:00,Sunny/clear,19.8,1004.5,46.0,2.1,45.0
3010742,fengtai_meo,2018-04-28 01:00:00,Sunny/clear,20.9,1005.5,45.0,2.0,72.0
3010743,daxing_meo,2018-04-28 01:00:00,Sunny/clear,19.3,1007.4,54.0,2.4,55.0
3010744,fangshan_meo,2018-04-28 01:00:00,Sunny/clear,20.2,1006.2,41.0,2.1,46.0
3010745,xiayunling_meo,2018-04-28 01:00:00,Sunny/clear,19.2,964.4,47.0,0.8,18.0
3012261,shunyi_meo,2018-04-28 02:00:00,Sunny/clear,21.2,1008.0,46.0,1.2,191.0
3012262,hadian_meo,2018-04-28 02:00:00,Sunny/clear,22.1,1005.8,42.0,0.8,330.0
3012263,yanqing_meo,2018-04-28 02:00:00,Sunny/clear,19.2,955.4,40.0,0.8,2.0
3012264,miyun_meo,2018-04-28 02:00:00,Sunny/clear,21.8,1002.8,46.0,1.1,189.0
3012265,huairou_meo,2018-04-28 02:00:00,Sunny/clear,21.5,1002.3,42.0,1.6,95.0
3012266,shangdianzi_meo,2018-04-28 02:00:00,Sunny/clear,21.4,977.0,51.0,3.4,217.0
3012267,pinggu_meo,2018-04-28 02:00:00,Sunny/clear,22.1,1007.5,44.0,1.1,183.0
3012268,pingchang_meo,2018-04-28 02:00:00,Sunny/clear,21.6,1002.4,41.0,1.6,146.0
3012269,mentougou_meo,2018-04-28 02:00:00,Sunny/clear,21.5,1001.4,42.0,1.2,66.0
3012270,beijing_meo,2018-04-28 02:00:00,Sunny/clear,21.1,1007.5,47.0,1.4,11.0
3013786,shunyi_meo,2018-04-28 03:00:00,Sunny/clear,22.5,1007.0,43.0,0.8,23.0
3013787,hadian_meo,2018-04-28 03:00:00,Sunny/clear,24.1,1004.7,37.0,1.4,279.0
3013788,yanqing_meo,2018-04-28 03:00:00,Sunny/clear,21.2,954.3,36.0,1.1,40.0
3013789,miyun_meo,2018-04-28 03:00:00,Hail,23.1,1001.9,42.0,0.8,277.0
3013790,huairou_meo,2018-04-28 03:00:00,Sunny/clear,23.4,1001.4,41.0,1.9,120.0
3013791,shangdianzi_meo,2018-04-28 03:00:00,Sunny/clear,22.6,976.2,46.0,4.6,234.0
3013792,pinggu_meo,2018-04-28 03:00:00,Hail,23.4,1006.7,45.0,1.5,192.0
3013793,tongzhou_meo,2018-04-28 03:00:00,Hail,22.5,1008.0,49.0,1.8,0.0
3013794,chaoyang_meo,2018-04-28 03:00:00,Sunny/clear,23.0,1006.4,42.0,1.1,196.0
3013795,pingchang_meo,2018-04-28 03:00:00,Sunny/clear,23.3,1001.4,38.0,1.9,210.0
3013796,zhaitang_meo,2018-04-28 03:00:00,Sunny/clear,25.1,959.1,28.0,1.4,101.0
3013797,mentougou_meo,2018-04-28 03:00:00,Sunny/clear,23.7,1000.4,36.0,1.0,155.0
3013798,beijing_meo,2018-04-28 03:00:00,Hail,23.2,1006.6,46.0,1.9,152.0
3013799,shijingshan_meo,2018-04-28 03:00:00,Sunny/clear,23.3,1002.8,38.0,1.0,59.0
3013800,fengtai_meo,2018-04-28 03:00:00,Sunny/clear,23.9,1003.9,36.0,1.2,296.0
3013801,daxing_meo,2018-04-28 03:00:00,Hail,23.2,1005.8,46.0,1.7,228.0
3013802,fangshan_meo,2018-04-28 03:00:00,Sunny/clear,23.8,1004.6,33.0,1.3,79.0
3013803,xiayunling_meo,2018-04-28 03:00:00,Sunny/clear,25.0,962.9,32.0,1.8,345.0
3015319,shunyi_meo,2018-04-28 04:00:00,Sunny/clear,24.4,1005.8,38.0,1.8,146.0
3015320,hadian_meo,2018-04-28 04:00:00,Sunny/clear,25.4,1003.5,34.0,2.5,224.0
3015321,yanqing_meo,2018-04-28 04:00:00,Sunny/clear,24.1,952.9,29.0,1.6,339.0
3015322,miyun_meo,2018-04-28 04:00:00,Hail,24.5,1000.6,40.0,1.8,293.0
3015323,huairou_meo,2018-04-28 04:00:00,Sunny/clear,24.6,1000.2,37.0,1.5,222.0
3015324,shangdianzi_meo,2018-04-28 04:00:00,Sunny/clear,24.0,975.0,43.0,4.5,279.0
3015325,pinggu_meo,2018-04-28 04:00:00,Hail,24.8,1005.5,49.0,2.2,225.0
3015326,tongzhou_meo,2018-04-28 04:00:00,Hail,24.4,1006.9,50.0,1.1,174.0
3015327,chaoyang_meo,2018-04-28 04:00:00,Hail,25.1,1005.1,40.0,1.7,113.0
3015328,pingchang_meo,2018-04-28 04:00:00,Sunny/clear,25.0,1000.1,36.0,2.0,101.0
3015329,zhaitang_meo,2018-04-28 04:00:00,Sunny/clear,28.3,957.7,22.0,2.1,100.0
3015330,mentougou_meo,2018-04-28 04:00:00,Sunny/clear,25.0,999.3,32.0,1.9,112.0
3015331,beijing_meo,2018-04-28 04:00:00,Hail,24.3,1005.4,47.0,2.7,200.0
3015332,shijingshan_meo,2018-04-28 04:00:00,Hail,25.4,1001.6,32.0,2.1,155.0
3015333,fengtai_meo,2018-04-28 04:00:00,Sunny/clear,25.5,1002.7,36.0,1.3,279.0
3015334,daxing_meo,2018-04-28 04:00:00,Hail,25.0,1004.7,48.0,1.8,137.0
3015335,fangshan_meo,2018-04-28 04:00:00,Hail,25.1,1003.5,36.0,2.4,176.0
3015336,xiayunling_meo,2018-04-28 04:00:00,Sunny/clear,27.6,961.6,30.0,1.5,343.0
3016852,shunyi_meo,2018-04-28 05:00:00,Sunny/clear,26.3,1004.8,33.0,1.0,217.0
3016853,hadian_meo,2018-04-28 05:00:00,Sunny/clear,27.2,1002.6,33.0,1.8,183.0
3016854,yanqing_meo,2018-04-28 05:00:00,Sunny/clear,26.5,951.7,25.0,1.2,25.0
3016855,miyun_meo,2018-04-28 05:00:00,Sunny/clear,26.4,999.6,34.0,2.4,265.0
3016856,huairou_meo,2018-04-28 05:00:00,Sunny/clear,26.1,999.3,34.0,2.3,261.0
3016857,shangdianzi_meo,2018-04-28 05:00:00,Sunny/clear,26.0,974.1,35.0,4.4,250.0
3016858,pinggu_meo,2018-04-28 05:00:00,Hail,25.5,1004.6,46.0,1.5,145.0
3016859,tongzhou_meo,2018-04-28 05:00:00,Hail,25.6,1006.0,50.0,2.1,183.0
3016860,chaoyang_meo,2018-04-28 05:00:00,Hail,26.7,1004.2,39.0,1.6,164.0
3016861,pingchang_meo,2018-04-28 05:00:00,Sunny/clear,26.3,999.3,32.0,2.9,146.0
3016862,zhaitang_meo,2018-04-28 05:00:00,Sunny/clear,30.0,956.5,21.0,2.1,81.0
3016863,mentougou_meo,2018-04-28 05:00:00,Sunny/clear,27.0,998.3,32.0,2.0,185.0
3016864,beijing_meo,2018-04-28 05:00:00,Hail,25.7,1004.5,46.0,2.8,200.0
3016865,shijingshan_meo,2018-04-28 05:00:00,Sunny/clear,26.5,1000.7,33.0,2.0,214.0
3016866,fengtai_meo,2018-04-28 05:00:00,Sunny/clear,27.5,1001.7,40.0,0.6,267.0
3016867,daxing_meo,2018-04-28 05:00:00,Hail,25.9,1003.7,44.0,1.6,194.0
3016868,fangshan_meo,2018-04-28 05:00:00,Hail,26.0,1002.6,37.0,2.4,213.0
3016869,xiayunling_meo,2018-04-28 05:00:00,Sunny/clear,29.4,960.7,28.0,1.0,1.0
3018385,shunyi_meo,2018-04-28 06:00:00,Sunny/clear,27.1,1003.9,37.0,2.2,159.0
3018386,hadian_meo,2018-04-28 06:00:00,Sunny/clear,28.5,1001.5,33.0,2.0,209.0
3018387,yanqing_meo,2018-04-28 06:00:00,Sunny/clear,29.6,950.5,20.0,1.1,359.0
3018388,miyun_meo,2018-04-28 06:00:00,Hail,27.5,998.7,33.0,3.4,275.0
3018389,huairou_meo,2018-04-28 06:00:00,Sunny/clear,27.3,998.4,34.0,4.4,253.0
3018390,shangdianzi_meo,2018-04-28 06:00:00,Sunny/clear,26.6,973.2,34.0,5.6,226.0
3018391,pinggu_meo,2018-04-28 06:00:00,Hail,26.5,1003.8,47.0,3.5,210.0
3018392,tongzhou_meo,2018-04-28 06:00:00,Hail,26.7,1005.0,45.0,2.7,159.0
3018393,chaoyang_meo,2018-04-28 06:00:00,Hail,27.5,1003.3,40.0,2.2,186.0
3018394,pingchang_meo,2018-04-28 06:00:00,Sunny/clear,27.5,998.4,29.0,2.0,144.0
3018395,zhaitang_meo,2018-04-28 06:00:00,Sunny/clear,31.1,955.5,21.0,4.9,61.0
3018396,mentougou_meo,2018-04-28 06:00:00,Hail,27.8,997.4,34.0,2.7,164.0
3018397,beijing_meo,2018-04-28 06:00:00,Hail,26.6,1003.6,45.0,1.8,185.0
3018398,shijingshan_meo,2018-04-28 06:00:00,Hail,28.1,999.7,34.0,2.8,144.0
3018399,fengtai_meo,2018-04-28 06:00:00,Sunny/clear,28.6,1000.8,38.0,1.3,268.0
3018400,daxing_meo,2018-04-28 06:00:00,Hail,26.9,1002.9,45.0,1.4,168.0
3018401,fangshan_meo,2018-04-28 06:00:00,Hail,26.8,1001.7,34.0,1.7,178.0
3018402,xiayunling_meo,2018-04-28 06:00:00,Sunny/clear,28.6,960.0,31.0,2.7,176.0
3019918,shunyi_meo,2018-04-28 07:00:00,Sunny/clear,27.7,1002.9,40.0,2.3,200.0
3019919,hadian_meo,2018-04-28 07:00:00,Sunny/clear,29.3,1000.6,36.0,3.0,223.0
3019920,yanqing_meo,2018-04-28 07:00:00,Sunny/clear,29.6,949.8,23.0,4.0,165.0
3019921,miyun_meo,2018-04-28 07:00:00,Hail,28.0,997.9,39.0,2.3,245.0
3019922,huairou_meo,2018-04-28 07:00:00,Sunny/clear,28.1,997.6,32.0,2.4,205.0
3019923,shangdianzi_meo,2018-04-28 07:00:00,Sunny/clear,27.4,972.2,34.0,6.3,228.0
3019924,pinggu_meo,2018-04-28 07:00:00,Hail,27.3,1003.0,43.0,2.2,193.0
3019925,tongzhou_meo,2018-04-28 07:00:00,Hail,27.6,1004.0,44.0,2.2,149.0
3019926,chaoyang_meo,2018-04-28 07:00:00,Hail,28.2,1002.2,41.0,1.6,207.0
3019927,pingchang_meo,2018-04-28 07:00:00,Sunny/clear,28.1,997.5,29.0,3.2,100.0
3019928,zhaitang_meo,2018-04-28 07:00:00,Sunny/clear,30.9,954.8,21.0,5.1,51.0
3019929,mentougou_meo,2018-04-28 07:00:00,Hail,28.2,996.5,35.0,2.8,201.0
3019930,beijing_meo,2018-04-28 07:00:00,Hail,27.7,1002.6,42.0,4.1,223.0
3019931,shijingshan_meo,2018-04-28 07:00:00,Hail,28.3,998.8,36.0,3.0,149.0
3019932,fengtai_meo,2018-04-28 07:00:00,Hail,28.8,999.9,40.0,1.9,254.0
3019933,daxing_meo,2018-04-28 07:00:00,Hail,27.7,1001.9,41.0,1.6,154.0
3019934,fangshan_meo,2018-04-28 07:00:00,Hail,27.5,1000.7,33.0,3.6,188.0
3019935,xiayunling_meo,2018-04-28 07:00:00,Sunny/clear,28.7,959.6,28.0,4.8,195.0
3021451,shunyi_meo,2018-04-28 08:00:00,Hail,28.0,1002.2,44.0,1.7,160.0
3021452,hadian_meo,2018-04-28 08:00:00,Sunny/clear,29.5,1000.0,37.0,1.9,203.0
3021453,yanqing_meo,2018-04-28 08:00:00,Sunny/clear,28.7,949.0,22.0,3.2,167.0
3021454,miyun_meo,2018-04-28 08:00:00,Hail,27.9,997.3,41.0,2.8,228.0
3021455,huairou_meo,2018-04-28 08:00:00,Sunny/clear,28.3,996.9,32.0,2.3,240.0
3021456,shangdianzi_meo,2018-04-28 08:00:00,Sunny/clear,26.5,971.8,36.0,6.3,237.0
3021457,pinggu_meo,2018-04-28 08:00:00,Hail,27.6,1002.1,42.0,1.8,217.0
3021458,tongzhou_meo,2018-04-28 08:00:00,Hail,28.3,1003.3,43.0,1.3,208.0
3021459,chaoyang_meo,2018-04-28 08:00:00,Hail,28.2,1001.7,40.0,2.1,192.0
3021460,pingchang_meo,2018-04-28 08:00:00,Sunny/clear,28.6,996.7,30.0,2.2,92.0
3021461,zhaitang_meo,2018-04-28 08:00:00,Sunny/clear,29.9,954.5,24.0,4.4,57.0
3021462,mentougou_meo,2018-04-28 08:00:00,Hail,28.5,995.9,36.0,2.9,199.0
3021463,beijing_meo,2018-04-28 08:00:00,Hail,28.1,1002.0,40.0,3.1,189.0
3021464,shijingshan_meo,2018-04-28 08:00:00,Hail,28.5,998.2,37.0,1.9,208.0
3021465,fengtai_meo,2018-04-28 08:00:00,Sunny/clear,29.0,999.3,38.0,2.9,250.0
3021466,daxing_meo,2018-04-28 08:00:00,Hail,28.4,1001.4,41.0,2.5,202.0
3021467,fangshan_meo,2018-04-28 08:00:00,Hail,27.8,1000.2,33.0,2.6,205.0
3021468,xiayunling_meo,2018-04-28 08:00:00,Sunny/clear,28.0,959.1,31.0,2.5,180.0
3022984,shunyi_meo,2018-04-28 09:00:00,Hail,28.1,1001.7,44.0,2.9,174.0
3022985,hadian_meo,2018-04-28 09:00:00,Sunny/clear,28.9,999.5,37.0,1.9,200.0
3022986,yanqing_meo,2018-04-28 09:00:00,Sunny/clear,27.7,949.0,27.0,2.5,111.0
3022987,miyun_meo,2018-04-28 09:00:00,Hail,27.2,996.9,45.0,2.7,184.0
3022988,huairou_meo,2018-04-28 09:00:00,Hail,27.9,996.4,39.0,1.8,262.0
3022989,shangdianzi_meo,2018-04-28 09:00:00,Hail,26.1,971.5,43.0,7.1,209.0
3022990,pinggu_meo,2018-04-28 09:00:00,Hail,27.1,1001.8,45.0,1.8,157.0
3022991,tongzhou_meo,2018-04-28 09:00:00,Hail,28.4,1002.9,42.0,1.8,211.0
3022992,chaoyang_meo,2018-04-28 09:00:00,Hail,28.3,1001.1,40.0,2.9,167.0
3022993,pingchang_meo,2018-04-28 09:00:00,Hail,29.0,996.1,33.0,3.4,174.0
3022994,zhaitang_meo,2018-04-28 09:00:00,Sunny/clear,29.2,954.4,27.0,2.3,48.0
3022995,mentougou_meo,2018-04-28 09:00:00,Hail,28.0,995.5,40.0,2.7,190.0
3022996,beijing_meo,2018-04-28 09:00:00,Hail,28.0,1001.6,41.0,2.9,212.0
3022997,shijingshan_meo,2018-04-28 09:00:00,Hail,28.1,997.8,37.0,2.9,190.0
3022998,fengtai_meo,2018-04-28 09:00:00,Sunny/clear,28.9,998.9,37.0,2.6,220.0
3022999,daxing_meo,2018-04-28 09:00:00,Hail,27.3,1001.1,46.0,2.3,164.0
3023000,fangshan_meo,2018-04-28 09:00:00,Hail,27.2,999.9,34.0,3.8,210.0
3023001,xiayunling_meo,2018-04-28 09:00:00,Sunny/clear,27.0,959.1,35.0,1.3,113.0
3024517,shunyi_meo,2018-04-28 10:00:00,Sunny/clear,27.6,1001.4,43.0,2.4,178.0
3024518,hadian_meo,2018-04-28 10:00:00,Sunny/clear,27.3,999.1,42.0,1.8,190.0
3024519,yanqing_meo,2018-04-28 10:00:00,Hail,25.7,949.4,35.0,0.7,5.0
3024520,miyun_meo,2018-04-28 10:00:00,Hail,26.2,996.6,49.0,1.9,185.0
3024521,huairou_meo,2018-04-28 10:00:00,Hail,27.0,996.1,46.0,1.1,240.0
3024522,shangdianzi_meo,2018-04-28 10:00:00,Hail,24.6,971.5,50.0,5.1,220.0
3024523,pinggu_meo,2018-04-28 10:00:00,Hail,26.5,1001.5,47.0,1.7,183.0
3024524,tongzhou_meo,2018-04-28 10:00:00,Hail,27.2,1002.5,45.0,1.4,194.0
3024525,chaoyang_meo,2018-04-28 10:00:00,Hail,27.3,1000.8,42.0,3.1,209.0
3024526,pingchang_meo,2018-04-28 10:00:00,Hail,28.0,995.8,36.0,2.5,132.0
3024527,zhaitang_meo,2018-04-28 10:00:00,Sunny/clear,27.7,954.4,30.0,1.5,12.0
3024528,mentougou_meo,2018-04-28 10:00:00,Sunny/clear,27.1,995.2,44.0,3.0,189.0
3024529,beijing_meo,2018-04-28 10:00:00,Hail,26.8,1001.4,45.0,3.3,202.0
3024530,shijingshan_meo,2018-04-28 10:00:00,Hail,27.0,997.4,42.0,3.3,190.0
3024531,fengtai_meo,2018-04-28 10:00:00,Sunny/clear,27.3,998.6,46.0,1.5,212.0
3024532,daxing_meo,2018-04-28 10:00:00,Hail,26.6,1000.7,48.0,2.3,205.0
3024533,fangshan_meo,2018-04-28 10:00:00,Hail,25.9,999.5,41.0,2.6,207.0
3024534,xiayunling_meo,2018-04-28 10:00:00,Sunny/clear,24.8,958.9,43.0,1.9,223.0
3026050,shunyi_meo,2018-04-28 11:00:00,Sunny/clear,26.2,1001.7,48.0,2.6,173.0
3026051,hadian_meo,2018-04-28 11:00:00,Sunny/clear,25.6,999.5,49.0,2.8,197.0
3026052,yanqing_meo,2018-04-28 11:00:00,Hail,23.6,949.6,41.0,1.0,83.0
3026053,miyun_meo,2018-04-28 11:00:00,Hail,23.9,996.8,60.0,0.8,140.0
3026054,huairou_meo,2018-04-28 11:00:00,Hail,24.8,996.2,55.0,0.8,312.0
3026055,shangdianzi_meo,2018-04-28 11:00:00,Hail,23.0,971.7,56.0,4.7,236.0
3026056,pinggu_meo,2018-04-28 11:00:00,Hail,24.8,1001.6,55.0,1.7,94.0
3026057,tongzhou_meo,2018-04-28 11:00:00,Hail,25.4,1002.8,52.0,1.7,195.0
3026058,chaoyang_meo,2018-04-28 11:00:00,Hail,26.2,1001.0,48.0,2.5,210.0
3026059,pingchang_meo,2018-04-28 11:00:00,Sunny/clear,26.4,996.0,42.0,1.0,120.0
3026060,zhaitang_meo,2018-04-28 11:00:00,Sunny/clear,24.8,954.9,39.0,1.5,62.0
3026061,mentougou_meo,2018-04-28 11:00:00,Hail,25.2,995.5,52.0,2.4,193.0
3026062,beijing_meo,2018-04-28 11:00:00,Hail,25.5,1001.6,51.0,2.4,208.0
3026063,shijingshan_meo,2018-04-28 11:00:00,Hail,25.5,997.7,48.0,2.6,190.0
3026064,fengtai_meo,2018-04-28 11:00:00,Sunny/clear,25.6,998.9,52.0,1.7,237.0
3026065,daxing_meo,2018-04-28 11:00:00,Hail,25.3,1000.9,53.0,2.3,223.0
3026066,fangshan_meo,2018-04-28 11:00:00,Hail,24.1,999.8,48.0,3.0,211.0
3026067,xiayunling_meo,2018-04-28 11:00:00,Sunny/clear,23.0,959.3,54.0,2.0,158.0
3027583,shunyi_meo,2018-04-28 12:00:00,Sunny/clear,24.5,1002.1,54.0,1.5,186.0
3027584,hadian_meo,2018-04-28 12:00:00,Sunny/clear,24.5,999.8,55.0,2.6,202.0
3027585,yanqing_meo,2018-04-28 12:00:00,Hail,22.1,950.2,47.0,1.3,104.0
3027586,miyun_meo,2018-04-28 12:00:00,Hail,21.0,997.4,73.0,0.8,70.0
3027587,huairou_meo,2018-04-28 12:00:00,Hail,22.5,996.8,67.0,0.8,28.0
3027588,shangdianzi_meo,2018-04-28 12:00:00,Hail,22.6,972.3,59.0,4.6,259.0
3027589,pinggu_meo,2018-04-28 12:00:00,Hail,22.2,1002.2,66.0,1.1,62.0
3027590,tongzhou_meo,2018-04-28 12:00:00,Hail,21.4,1003.2,69.0,0.8,75.0
3027591,chaoyang_meo,2018-04-28 12:00:00,Hail,25.3,1001.4,52.0,2.7,196.0
3027592,pingchang_meo,2018-04-28 12:00:00,Hail,25.1,996.4,49.0,1.9,96.0
3027593,zhaitang_meo,2018-04-28 12:00:00,Hail,20.9,955.6,50.0,0.9,229.0
3027594,mentougou_meo,2018-04-28 12:00:00,Hail,23.6,995.7,59.0,0.7,222.0
3027595,beijing_meo,2018-04-28 12:00:00,Hail,24.0,1001.8,56.0,2.3,218.0
3027596,shijingshan_meo,2018-04-28 12:00:00,Hail,24.6,998.0,54.0,2.9,204.0
3027597,fengtai_meo,2018-04-28 12:00:00,Sunny/clear,24.5,999.1,57.0,2.3,224.0
3027598,daxing_meo,2018-04-28 12:00:00,Hail,23.9,1001.2,57.0,1.6,213.0
3027599,fangshan_meo,2018-04-28 12:00:00,Hail,22.9,999.9,51.0,3.0,218.0
3027600,xiayunling_meo,2018-04-28 12:00:00,Sunny/clear,20.9,960.0,61.0,1.4,147.0
3029116,shunyi_meo,2018-04-28 13:00:00,Hail,22.6,1002.6,62.0,1.1,168.0
3029117,hadian_meo,2018-04-28 13:00:00,Hail,23.4,1000.0,61.0,1.5,219.0
3029118,yanqing_meo,2018-04-28 13:00:00,Hail,21.1,950.6,54.0,2.7,112.0
3029119,miyun_meo,2018-04-28 13:00:00,Hail,19.4,997.9,79.0,0.8,116.0
3029120,huairou_meo,2018-04-28 13:00:00,Hail,21.1,997.3,73.0,1.1,17.0
3029121,shangdianzi_meo,2018-04-28 13:00:00,Hail,22.1,972.7,61.0,2.8,256.0
3029122,pinggu_meo,2018-04-28 13:00:00,Hail,20.5,1002.7,73.0,2.1,70.0
3029123,tongzhou_meo,2018-04-28 13:00:00,Hail,19.3,1003.7,79.0,0.8,134.0
3029124,chaoyang_meo,2018-04-28 13:00:00,Hail,24.6,1001.8,54.0,1.8,192.0
3029125,pingchang_meo,2018-04-28 13:00:00,Hail,23.7,996.9,55.0,1.7,58.0
3029126,zhaitang_meo,2018-04-28 13:00:00,Sunny/clear,18.8,956.0,57.0,0.0,999017.0
3029127,mentougou_meo,2018-04-28 13:00:00,Hail,22.4,995.9,65.0,1.7,167.0
3029128,beijing_meo,2018-04-28 13:00:00,Hail,23.3,1002.2,58.0,1.8,211.0
3029129,shijingshan_meo,2018-04-28 13:00:00,Hail,23.5,998.2,59.0,2.4,203.0
3029130,fengtai_meo,2018-04-28 13:00:00,Hail,23.8,999.4,62.0,1.4,237.0
3029131,daxing_meo,2018-04-28 13:00:00,Hail,21.7,1001.5,66.0,0.9,224.0
3029132,fangshan_meo,2018-04-28 13:00:00,Hail,22.4,1000.2,55.0,1.9,204.0
3029133,xiayunling_meo,2018-04-28 13:00:00,Sunny/clear,19.8,960.2,65.0,1.7,188.0
3030649,shunyi_meo,2018-04-28 14:00:00,Hail,21.2,1002.5,70.0,0.8,91.0
3030650,hadian_meo,2018-04-28 14:00:00,Hail,21.2,1000.1,71.0,1.3,215.0
3030651,yanqing_meo,2018-04-28 14:00:00,Hail,20.0,950.5,63.0,1.3,79.0
3030652,miyun_meo,2018-04-28 14:00:00,Hail,18.4,997.9,85.0,0.8,22.0
3030653,huairou_meo,2018-04-28 14:00:00,Hail,19.6,997.3,79.0,0.7,340.0
3030654,shangdianzi_meo,2018-04-28 14:00:00,Hail,21.5,972.8,64.0,2.9,246.0
3030655,pinggu_meo,2018-04-28 14:00:00,Hail,19.7,1002.8,75.0,1.7,78.0
3030656,tongzhou_meo,2018-04-28 14:00:00,Hail,18.3,1003.6,85.0,1.4,108.0
3030657,chaoyang_meo,2018-04-28 14:00:00,Hail,23.2,1001.7,60.0,0.6,108.0
3030658,pingchang_meo,2018-04-28 14:00:00,Hail,22.3,996.9,57.0,1.5,39.0
3030659,zhaitang_meo,2018-04-28 14:00:00,Sunny/clear,18.3,955.9,61.0,1.0,16.0
3030660,mentougou_meo,2018-04-28 14:00:00,Hail,21.9,995.8,67.0,1.2,232.0
3030661,beijing_meo,2018-04-28 14:00:00,Hail,22.4,1002.0,62.0,1.5,205.0
3030662,shijingshan_meo,2018-04-28 14:00:00,Hail,22.7,998.1,61.0,1.0,273.0
3030663,fengtai_meo,2018-04-28 14:00:00,Hail,23.2,999.2,64.0,1.3,236.0
3030664,daxing_meo,2018-04-28 14:00:00,Hail,19.7,1001.2,76.0,0.1,999017.0
3030665,fangshan_meo,2018-04-28 14:00:00,Hail,21.4,1000.0,60.0,2.1,214.0
3030666,xiayunling_meo,2018-04-28 14:00:00,Sunny/clear,19.8,959.9,65.0,0.8,220.0
3032182,shunyi_meo,2018-04-28 15:00:00,Hail,21.9,1002.0,65.0,1.1,136.0
3032183,hadian_meo,2018-04-28 15:00:00,Hail,20.4,999.6,77.0,0.0,999017.0
3032184,yanqing_meo,2018-04-28 15:00:00,Hail,18.7,950.1,60.0,0.9,58.0
3032185,miyun_meo,2018-04-28 15:00:00,Hail,17.4,997.3,89.0,1.2,37.0
3032186,huairou_meo,2018-04-28 15:00:00,Hail,19.0,996.8,80.0,1.9,317.0
3032187,shangdianzi_meo,2018-04-28 15:00:00,Hail,18.6,972.4,76.0,1.1,243.0
3032188,pinggu_meo,2018-04-28 15:00:00,Hail,19.6,1002.2,75.0,2.4,93.0
3032189,tongzhou_meo,2018-04-28 15:00:00,Hail,18.2,1003.2,86.0,1.7,126.0
3032190,chaoyang_meo,2018-04-28 15:00:00,Hail,22.6,1001.2,64.0,1.2,131.0
3032191,pingchang_meo,2018-04-28 15:00:00,Hail,21.3,996.5,61.0,1.0,350.0
3032192,zhaitang_meo,2018-04-28 15:00:00,Sunny/clear,17.5,955.4,65.0,0.9,183.0
3032193,mentougou_meo,2018-04-28 15:00:00,Hail,20.8,995.3,69.0,1.2,317.0
3032194,beijing_meo,2018-04-28 15:00:00,Hail,21.8,1001.6,65.0,1.9,178.0
3032195,shijingshan_meo,2018-04-28 15:00:00,Hail,19.8,997.7,73.0,1.0,38.0
3032196,fengtai_meo,2018-04-28 15:00:00,Hail,20.5,998.6,77.0,0.2,999017.0
3032197,daxing_meo,2018-04-28 15:00:00,Hail,18.6,1000.9,82.0,1.1,173.0
3032198,fangshan_meo,2018-04-28 15:00:00,Hail,22.2,999.4,57.0,3.2,207.0
3032199,xiayunling_meo,2018-04-28 15:00:00,Sunny/clear,19.5,959.3,62.0,2.1,209.0
3033715,shunyi_meo,2018-04-28 16:00:00,Hail,21.5,1001.7,69.0,1.2,129.0
3033716,hadian_meo,2018-04-28 16:00:00,Hail,18.8,999.5,81.0,0.1,999017.0
3033717,yanqing_meo,2018-04-28 16:00:00,Hail,17.5,949.9,67.0,1.4,55.0
3033718,miyun_meo,2018-04-28 16:00:00,Cloudy,17.0,996.9,91.0,0.5,332.0
3033719,huairou_meo,2018-04-28 16:00:00,Hail,18.4,996.4,81.0,1.7,324.0
3033720,shangdianzi_meo,2018-04-28 16:00:00,Hail,18.1,971.9,78.0,0.5,147.0
3033721,pinggu_meo,2018-04-28 16:00:00,Hail,19.4,1001.8,75.0,1.3,46.0
3033722,tongzhou_meo,2018-04-28 16:00:00,Hail,18.9,1002.8,81.0,1.2,111.0
3033723,chaoyang_meo,2018-04-28 16:00:00,Hail,21.5,1000.9,69.0,0.5,9.0
3033724,pingchang_meo,2018-04-28 16:00:00,Hail,19.7,996.3,68.0,1.4,325.0
3033725,zhaitang_meo,2018-04-28 16:00:00,Hail,17.8,955.0,68.0,1.6,185.0
3033726,mentougou_meo,2018-04-28 16:00:00,Hail,19.3,995.2,75.0,1.5,262.0
3033727,beijing_meo,2018-04-28 16:00:00,Hail,21.9,1001.2,65.0,1.5,174.0
3033728,shijingshan_meo,2018-04-28 16:00:00,Hail,19.2,997.5,75.0,0.8,72.0
3033729,fengtai_meo,2018-04-28 16:00:00,Hail,20.0,998.5,80.0,0.4,174.0
3033730,daxing_meo,2018-04-28 16:00:00,Hail,20.1,1000.4,76.0,1.3,172.0
3033731,fangshan_meo,2018-04-28 16:00:00,Hail,20.6,999.1,64.0,1.0,193.0
3033732,xiayunling_meo,2018-04-28 16:00:00,Sunny/clear,18.9,958.7,62.0,1.8,205.0
3035248,shunyi_meo,2018-04-28 17:00:00,Hail,19.5,1001.3,80.0,0.9,33.0
3035249,hadian_meo,2018-04-28 17:00:00,Hail,18.5,999.1,80.0,0.7,42.0
3035250,yanqing_meo,2018-04-28 17:00:00,Hail,16.7,949.6,69.0,0.5,79.0
3035251,miyun_meo,2018-04-28 17:00:00,Cloudy,16.7,996.6,92.0,0.2,999017.0
3035252,huairou_meo,2018-04-28 17:00:00,Hail,17.7,996.1,83.0,1.2,300.0
3035253,shangdianzi_meo,2018-04-28 17:00:00,Hail,17.6,971.5,80.0,0.2,999017.0
3035254,pinggu_meo,2018-04-28 17:00:00,Hail,18.8,1001.4,78.0,1.3,78.0
3035255,tongzhou_meo,2018-04-28 17:00:00,Hail,17.9,1002.3,84.0,1.2,140.0
3035256,chaoyang_meo,2018-04-28 17:00:00,Hail,19.5,1000.6,79.0,0.8,79.0
3035257,pingchang_meo,2018-04-28 17:00:00,Hail,19.3,996.0,69.0,1.5,309.0
3035258,zhaitang_meo,2018-04-28 17:00:00,Hail,16.2,954.7,74.0,2.0,32.0
3035259,mentougou_meo,2018-04-28 17:00:00,Hail,18.6,994.8,74.0,2.2,296.0
3035260,beijing_meo,2018-04-28 17:00:00,Hail,20.8,1000.8,69.0,1.8,216.0
3035261,shijingshan_meo,2018-04-28 17:00:00,Hail,18.3,997.2,79.0,1.0,21.0
3035262,fengtai_meo,2018-04-28 17:00:00,Hail,18.6,998.2,87.0,0.1,999017.0
3035263,daxing_meo,2018-04-28 17:00:00,Hail,18.9,1000.0,77.0,1.6,197.0
3035264,fangshan_meo,2018-04-28 17:00:00,Hail,18.1,998.8,76.0,0.6,358.0
3035265,xiayunling_meo,2018-04-28 17:00:00,Sunny/clear,18.7,958.2,61.0,2.2,208.0
3036781,shunyi_meo,2018-04-28 18:00:00,Hail,20.0,1000.8,77.0,1.6,107.0
3036782,hadian_meo,2018-04-28 18:00:00,Hail,18.4,998.6,80.0,1.0,38.0
3036783,yanqing_meo,2018-04-28 18:00:00,Hail,16.0,949.1,73.0,1.1,96.0
3036784,miyun_meo,2018-04-28 18:00:00,Thundershower,15.8,996.0,95.0,0.2,999017.0
3036785,huairou_meo,2018-04-28 18:00:00,Hail,17.2,995.5,86.0,0.9,307.0
3036786,shangdianzi_meo,2018-04-28 18:00:00,Hail,16.9,970.8,84.0,0.8,93.0
3036787,pinggu_meo,2018-04-28 18:00:00,Hail,18.9,1000.9,78.0,1.5,101.0
3036788,tongzhou_meo,2018-04-28 18:00:00,Hail,16.8,1001.8,87.0,0.3,65.0
3036789,chaoyang_meo,2018-04-28 18:00:00,Hail,18.6,1000.1,83.0,0.6,36.0
3036790,pingchang_meo,2018-04-28 18:00:00,Hail,18.1,995.4,75.0,1.1,339.0
3036791,zhaitang_meo,2018-04-28 18:00:00,Hail,14.4,954.5,79.0,0.7,246.0
3036792,mentougou_meo,2018-04-28 18:00:00,Hail,18.0,994.4,76.0,2.0,306.0
3036793,beijing_meo,2018-04-28 18:00:00,Hail,19.4,1000.3,73.0,1.1,221.0
3036794,shijingshan_meo,2018-04-28 18:00:00,Hail,17.3,996.8,82.0,0.6,333.0
3036795,fengtai_meo,2018-04-28 18:00:00,Cloudy,17.6,997.7,90.0,0.8,266.0
3036796,daxing_meo,2018-04-28 18:00:00,Hail,20.7,999.5,59.0,1.5,191.0
3036797,fangshan_meo,2018-04-28 18:00:00,Hail,16.8,998.4,82.0,1.4,73.0
3036798,xiayunling_meo,2018-04-28 18:00:00,Sunny/clear,18.1,957.4,62.0,2.7,209.0
3038314,shunyi_meo,2018-04-28 19:00:00,Hail,19.6,1000.3,77.0,1.8,162.0
3038315,hadian_meo,2018-04-28 19:00:00,Hail,17.9,998.3,80.0,0.1,999017.0
3038316,yanqing_meo,2018-04-28 19:00:00,Hail,14.8,948.7,77.0,0.9,46.0
3038317,miyun_meo,2018-04-28 19:00:00,Thundershower,15.2,995.5,96.0,0.3,80.0
3038318,huairou_meo,2018-04-28 19:00:00,Hail,16.7,995.0,86.0,1.2,55.0
3038319,shangdianzi_meo,2018-04-28 19:00:00,Hail,16.8,970.2,85.0,0.8,171.0
3038320,pinggu_meo,2018-04-28 19:00:00,Hail,17.8,1000.6,84.0,1.3,80.0
3038321,tongzhou_meo,2018-04-28 19:00:00,Cloudy,15.7,1001.8,91.0,0.6,56.0
3038322,chaoyang_meo,2018-04-28 19:00:00,Hail,17.8,999.8,87.0,0.0,999017.0
3038323,pingchang_meo,2018-04-28 19:00:00,Hail,17.4,995.0,78.0,1.6,335.0
3038324,zhaitang_meo,2018-04-28 19:00:00,Hail,13.7,953.8,84.0,0.6,10.0
3038325,mentougou_meo,2018-04-28 19:00:00,Hail,17.3,994.0,80.0,1.1,286.0
3038326,beijing_meo,2018-04-28 19:00:00,Hail,17.6,1000.2,80.0,0.6,25.0
3038327,shijingshan_meo,2018-04-28 19:00:00,Hail,16.4,996.4,87.0,0.6,340.0
3038328,fengtai_meo,2018-04-28 19:00:00,Hail,17.2,997.4,89.0,0.2,999017.0
3038329,daxing_meo,2018-04-28 19:00:00,Hail,17.1,999.4,74.0,0.7,10.0
3038330,fangshan_meo,2018-04-28 19:00:00,Hail,16.7,998.1,82.0,1.1,106.0
3038331,xiayunling_meo,2018-04-28 19:00:00,Sunny/clear,15.7,957.2,70.0,0.4,335.0
3039847,shunyi_meo,2018-04-28 20:00:00,Hail,18.4,1000.4,82.0,1.1,23.0
3039848,hadian_meo,2018-04-28 20:00:00,Hail,16.9,998.1,83.0,0.0,999017.0
3039849,yanqing_meo,2018-04-28 20:00:00,Hail,13.8,948.5,80.0,0.2,999017.0
3039850,miyun_meo,2018-04-28 20:00:00,Thundershower,14.9,995.5,97.0,0.6,131.0
3039851,huairou_meo,2018-04-28 20:00:00,Cloudy,16.0,995.0,90.0,0.8,13.0
3039852,shangdianzi_meo,2018-04-28 20:00:00,Hail,15.9,970.1,86.0,0.5,65.0
3039853,pinggu_meo,2018-04-28 20:00:00,Hail,17.1,1000.3,87.0,1.4,72.0
3039854,tongzhou_meo,2018-04-28 20:00:00,Cloudy,15.5,1001.3,91.0,1.5,132.0
3039855,chaoyang_meo,2018-04-28 20:00:00,Hail,17.5,999.5,88.0,0.8,343.0
3039856,pingchang_meo,2018-04-28 20:00:00,Hail,17.3,994.9,78.0,1.5,330.0
3039857,zhaitang_meo,2018-04-28 20:00:00,Hail,12.6,953.9,87.0,0.6,335.0
3039858,mentougou_meo,2018-04-28 20:00:00,Hail,17.1,993.8,76.0,2.4,293.0
3039859,beijing_meo,2018-04-28 20:00:00,Hail,16.8,999.8,82.0,0.9,205.0
3039860,shijingshan_meo,2018-04-28 20:00:00,Hail,15.9,996.2,89.0,0.8,345.0
3039861,fengtai_meo,2018-04-28 20:00:00,Cloudy,16.5,997.2,92.0,0.9,275.0
3039862,daxing_meo,2018-04-28 20:00:00,Hail,15.1,999.1,84.0,0.8,115.0
3039863,fangshan_meo,2018-04-28 20:00:00,Hail,15.4,997.9,84.0,0.6,250.0
3039864,xiayunling_meo,2018-04-28 20:00:00,Sunny/clear,13.9,957.1,79.0,0.5,218.0
3041380,shunyi_meo,2018-04-28 21:00:00,Hail,17.3,1000.3,87.0,1.3,42.0
3041381,hadian_meo,2018-04-28 21:00:00,Hail,16.3,998.1,86.0,0.0,999017.0
3041382,yanqing_meo,2018-04-28 21:00:00,Hail,13.1,948.7,83.0,0.7,43.0
3041383,miyun_meo,2018-04-28 21:00:00,Thundershower,14.6,995.6,98.0,0.5,60.0
3041384,huairou_meo,2018-04-28 21:00:00,Cloudy,16.0,995.0,93.0,0.8,359.0
3041385,shangdianzi_meo,2018-04-28 21:00:00,Cloudy,14.8,970.1,93.0,0.0,999017.0
3041386,pinggu_meo,2018-04-28 21:00:00,Hail,16.7,1000.3,87.0,2.2,84.0
3041387,tongzhou_meo,2018-04-28 21:00:00,Cloudy,14.6,1001.4,92.0,0.8,57.0
3041388,chaoyang_meo,2018-04-28 21:00:00,Hail,16.9,999.6,90.0,0.9,64.0
3041389,pingchang_meo,2018-04-28 21:00:00,Hail,16.9,994.9,80.0,1.3,345.0
3041390,zhaitang_meo,2018-04-28 21:00:00,Hail,12.1,954.0,89.0,0.0,999017.0
3041391,mentougou_meo,2018-04-28 21:00:00,Hail,16.7,993.8,80.0,2.0,293.0
3041392,beijing_meo,2018-04-28 21:00:00,Hail,15.9,999.8,84.0,0.2,999017.0
3041393,shijingshan_meo,2018-04-28 21:00:00,Cloudy,15.6,996.2,90.0,0.4,333.0
3041394,fengtai_meo,2018-04-28 21:00:00,Cloudy,16.1,997.2,93.0,0.3,143.0
3041395,daxing_meo,2018-04-28 21:00:00,Hail,14.4,999.1,87.0,0.1,999017.0
3041396,fangshan_meo,2018-04-28 21:00:00,Hail,14.7,997.9,86.0,0.3,339.0
3041397,xiayunling_meo,2018-04-28 21:00:00,Sunny/clear,13.0,957.1,83.0,0.0,999017.0
3042913,shunyi_meo,2018-04-28 22:00:00,Hail,17.6,1000.7,85.0,1.0,35.0
3042914,hadian_meo,2018-04-28 22:00:00,Hail,16.4,998.4,88.0,0.9,46.0
3042915,yanqing_meo,2018-04-28 22:00:00,Hail,13.0,949.0,86.0,0.7,325.0
3042916,miyun_meo,2018-04-28 22:00:00,Thundershower,14.4,995.9,98.0,0.7,50.0
3042917,huairou_meo,2018-04-28 22:00:00,Cloudy,16.3,995.4,89.0,1.6,319.0
3042918,shangdianzi_meo,2018-04-28 22:00:00,Cloudy,14.7,970.4,92.0,0.6,187.0
3042919,pinggu_meo,2018-04-28 22:00:00,Hail,16.3,1000.6,88.0,1.5,95.0
3042920,tongzhou_meo,2018-04-28 22:00:00,Overcast,14.7,1001.8,94.0,1.1,101.0
3042921,chaoyang_meo,2018-04-28 22:00:00,Cloudy,16.6,1000.0,90.0,0.6,52.0
3042922,pingchang_meo,2018-04-28 22:00:00,Hail,16.6,995.3,82.0,1.6,346.0
3042923,zhaitang_meo,2018-04-28 22:00:00,Cloudy,11.6,954.4,90.0,0.5,109.0
3042924,mentougou_meo,2018-04-28 22:00:00,Hail,16.6,994.1,75.0,2.0,306.0
3042925,beijing_meo,2018-04-28 22:00:00,Hail,16.2,1000.2,80.0,0.8,115.0
3042926,shijingshan_meo,2018-04-28 22:00:00,Cloudy,15.5,996.5,91.0,0.3,339.0
3042927,fengtai_meo,2018-04-28 22:00:00,Cloudy,16.0,997.5,93.0,0.7,292.0
3042928,daxing_meo,2018-04-28 22:00:00,Cloudy,14.2,999.4,91.0,1.1,141.0
3042929,fangshan_meo,2018-04-28 22:00:00,Hail,14.5,998.3,87.0,0.7,83.0
3042930,xiayunling_meo,2018-04-28 22:00:00,Sunny/clear,12.7,957.7,84.0,0.5,154.0
3044446,shunyi_meo,2018-04-28 23:00:00,Hail,18.8,1001.0,75.0,1.5,77.0
3044447,hadian_meo,2018-04-28 23:00:00,Hail,17.7,998.8,82.0,1.2,31.0
3044448,yanqing_meo,2018-04-28 23:00:00,Hail,14.6,949.3,81.0,0.3,64.0
3044449,miyun_meo,2018-04-28 23:00:00,Overcast,16.0,996.2,99.0,0.7,46.0
3044450,huairou_meo,2018-04-28 23:00:00,Hail,17.3,995.7,87.0,1.2,318.0
3044451,shangdianzi_meo,2018-04-28 23:00:00,Cloudy,17.0,970.8,87.0,0.0,999017.0
3044452,pinggu_meo,2018-04-28 23:00:00,Hail,18.3,1001.0,78.0,0.5,80.0
3044453,tongzhou_meo,2018-04-28 23:00:00,Hail,17.4,1002.2,78.0,2.0,116.0
3044454,chaoyang_meo,2018-04-28 23:00:00,Hail,18.5,1000.4,85.0,0.6,40.0
3044455,pingchang_meo,2018-04-28 23:00:00,Hail,17.7,995.5,80.0,0.7,237.0
3044456,zhaitang_meo,2018-04-28 23:00:00,Hail,13.9,954.5,80.0,1.0,68.0
3044457,mentougou_meo,2018-04-28 23:00:00,Hail,17.5,994.5,72.0,1.3,319.0
3044458,beijing_meo,2018-04-28 23:00:00,Hail,19.3,1000.6,64.0,1.0,142.0
3044459,shijingshan_meo,2018-04-28 23:00:00,Cloudy,17.0,996.9,89.0,0.3,176.0
3044460,fengtai_meo,2018-04-28 23:00:00,Cloudy,17.3,997.8,91.0,0.0,999017.0
3044461,daxing_meo,2018-04-28 23:00:00,Hail,17.2,999.9,77.0,1.1,130.0
3044462,fangshan_meo,2018-04-28 23:00:00,Hail,16.1,998.6,84.0,0.6,33.0
3044463,xiayunling_meo,2018-04-28 23:00:00,Sunny/clear,14.1,958.0,79.0,0.3,342.0
